Situacao,,Desatracação,DWT,IMO,SaldoTotal,Chegada,ETB,Operador,Cal.Cheg.,Tons/Dia,Mercadoria,Embarcação,Saldo,JanelaOperacional,Atracação,SaldoOperador,Prancha(t/dia),Programação,LOA,DUV,Realizado,Agência,Sentido,Berço,TipodeOperação,ETA,Cal.Saída,Desatracacao,Bordo,Status,Previsto
ATRACADOS,1,,"106.043,00",9526942,800 Movs.,16/12/2024 06:00,,TCP (AS2),,0 Movs.,CONTÊINERES (CONTENTORES) INCL,MAERSK LAGUNA,,,17/12/2024 06:20,800 Movs.,0,75123,"299,90",0507002024,0 Movs.,LACHMANN,Imp/Exp,218,,,,,BB,,800 Movs.
ATRACADOS,2,,"8.707,00",9210141,"0,000 Tons.",17/12/2024 06:00,,ROCHA TERMINAIS PORTUARIOS E LOGISTICA S.A.,,"0,000 Tons.",PASSAGEIROS,MSC ARMONIA,,,17/12/2024 08:45,"0,000 Tons.","0,000",73294,"274,90",0552112024,"0,000 Tons.",MSC MEDITERRANEAN SHIPPING DO BRASIL LTDA,Imp/Exp,205,,,,,BE,,"0,000 Tons."
ATRACADOS,3,,"80.529,00",9629469,500 Movs.,17/12/2024 00:12,,TCP (NBR),,0 Movs.,CONTÊINERES (CONTENTORES) INCL,SWANSEA,,,17/12/2024 03:40,500 Movs.,0,74859,"270,90",0511592024,0 Movs.,UNIMAR,Imp/Exp,215,,,,,BE,,500 Movs.
ATRACADOS,4,,"33.795,00",9571416,"7.222,770 Tons.",09/12/2024 13:40,,PORTO PONTA DO FELIX S/A,,"6.053,000 Tons.",MAP,LADY KATERINA,,15/12/2024 16:35 - 18/12/2024 17:02,15/12/2024 16:35,"7.222,770 Tons.","6.000,000",75094,"180,86",0559052024,"9.978,000 Tons.",ORION,Imp,114,,,,,BB,,"17.201,000 Tons."
ATRACADOS,5,,"49.999,00",9829409,"35.404,000 Tons.",15/12/2024 07:12,,TRANSPETRO PGUA,,"9.596,000 Tons.",OLEO DIESEL,ARCTOS,,16/12/2024 19:00 - 19/12/2024 21:42,16/12/2024 19:00,"35.404,000 Tons.","15.000,000",75061,"183,04",0565662024,"9.596,000 Tons.",LACHMANN,Imp,141,,,,,BB,,"45.000,000 Tons."
ATRACADOS,6,,"26.057,00",9773143,"244,000 Tons.",15/12/2024 09:45,,CATTALINI,,"4.486,000 Tons.","BIODIESEL E SUAS MISTURAS,C/ M",SOUTHERN OWL,,15/12/2024 22:30 - 16/12/2024 08:59,15/12/2024 22:30,"244,000 Tons.","15.000,000",75033,"156,53",0555202024,"4.756,000 Tons.",GRANEL,Exp,144,,,,,BB,,"5.000,000 Tons."
ATRACADOS,7,,"26.210,00",9975301,"0,000 Tons.",15/12/2024 13:00,,CATTALINI,,"7.821,000 Tons.",METANOL,FAIRCHEM PATHFINDER,,15/12/2024 15:25 - 16/12/2024 18:18,15/12/2024 15:25,"0,000 Tons.","15.000,000",74976,"158,42",0536962024,"14.011,000 Tons.",ROCHAMAR,Imp,143,,,,,BB,,"14.011,000 Tons."
ATRACADOS,8,,"80.059,00",9305673,500 Movs.,14/12/2024 23:30,,TCP (FIL),,0 Movs.,CONTÊINERES (CONTENTORES) INCL,HYUNDAI TOKYO,,,17/12/2024 08:25,500 Movs.,0,75068,"303,83",0556502024,0 Movs.,UNIMAR,Imp/Exp,216,,,,,BB,,500 Movs.
ATRACADOS,9,,"82.502,00",9905629,"41.633,800 Tons.",13/12/2024 22:00,,ALPHAMAR PORT SERVICES,,"19.371,000 Tons.",FARELO DE SOJA,LONGEVITY DIVA,,16/12/2024 12:22 - 18/12/2024 22:24,16/12/2024 12:22,"41.633,800 Tons.","30.000,000",74989,"228,99",0555842024,"24.866,000 Tons.",ALPHAMAR,Exp,213,,,,,BB,,"66.500,000 Tons."
ATRACADOS,10,,"35.066,00",9522958,"10.599,910 Tons.",03/12/2024 18:18,,IMPEXP PRESTADORA DE SERVICOS,,"7.590,000 Tons.",Trigo duro,LIPSI,,14/12/2024 18:40 - 17/12/2024 05:07,14/12/2024 18:40,"10.599,910 Tons.","43.200,000",75038,"179,00",0552902024,"20.125,000 Tons.",LBH BRASIL,Exp,212,,,,,BB,,"30.725,000 Tons."
ATRACADOS,11,,"70.578,00",9644548,"30.679,150 Tons.",12/12/2024 09:00,,CARGONAVE,,"27.773,000 Tons.",FARELO DE SOJA,LB EARTH,,16/12/2024 05:50 - 18/12/2024 14:08,16/12/2024 05:50,"30.679,150 Tons.","30.000,000",74928,"210,00",0529802024,"32.821,000 Tons.",CARGONAVE,Exp,214,,,,,BB,,"63.500,000 Tons."
ATRACADOS,12,,"31.762,00",9194880,"16.464,270 Tons.",10/12/2024 01:00,,PORTO PONTA DO FELIX S/A,,"2.374,000 Tons.",MALTE,PARAGON,,,16/12/2024 15:06,"16.464,270 Tons.","0,000",74991,"176,75",0542732024,"3.538,000 Tons.",WILSON SONS,Imp,113,,,,,BE,,"20.002,000 Tons."
ATRACADOS,13,,"35.147,00",9595395,"23.406,940 Tons.",09/12/2024 16:30,,CENTRO SUL,,"6.804,000 Tons.",OUT.TRIGOS E MISTURAS DE TRIGO,DELTA,,16/12/2024 04:35 - 21/12/2024 17:45,16/12/2024 04:35,"23.406,940 Tons.","6.000,000",75037,"180,40",0549982024,"9.593,000 Tons.",CARGONAVE,Imp,201,,,,,BE,,"33.000,000 Tons."
ATRACADOS,14,,"82.176,00",9952426,"58.809,220 Tons.",03/12/2024 08:54,,CEU AZUL,,"1.889,000 Tons.",AÇÚCAR,AI STRATIS,,17/12/2024 00:10 - 20/12/2024 16:53,17/12/2024 00:10,"58.809,220 Tons.","20.000,000",74953,"229,00",0532942024,"10.551,000 Tons.",CARGONAVE,Exp,204,,,,,BE,,"69.360,000 Tons."
ATRACADOS,15,,"63.878,00",9801720,"9.979,280 Tons.",19/11/2024 13:06,,FORTESOLO,,"6.792,000 Tons.",UREIA,PEARL ISLAND,,15/12/2024 05:10 - 20/12/2024 09:48,15/12/2024 05:10,"7.750,620 Tons.","4.557,423",74901,"199,99",0527292024,"15.710,000 Tons.",ORION,Imp,209,,,,,BB,,"23.461,000 Tons."
ATRACADOS,BB,,15/12/2024 05:10 - 21/12/2024 11:38,15/12/2024 05:10,,,,"7.771,000 Tons.",,,"2.228,660 Tons.",UREIA,,,,,,Imp,19/11/2024 13:06,ORION,,"10.000,000 Tons.","5.557,000 Tons.",HARBOR,,,,,"1.942,571",,
ATRACADOS,16,,"81.746,00",9836701,"32.357,060 Tons.",18/11/2024 14:48,,ROCHA TERMINAIS PORTUARIOS E LOGISTICA S.A.,,"7.409,000 Tons.",SULFATO DE AMONIO,TAYGETUS,,15/12/2024 09:00 - 23/12/2024 01:57,15/12/2024 09:00,"26.499,040 Tons.","5.512,600",74872,"228,99",0501822024,"14.501,000 Tons.",ISS MARINE,Imp,208,,,,,BE,,"41.000,000 Tons."
ATRACADOS,BE,,15/12/2024 09:00 - 23/12/2024 03:12,15/12/2024 09:00,,,,"12.642,000 Tons.",,,"5.858,020 Tons.",SULFATO DE AMONIO,,,,,,Imp,18/11/2024 14:48,ISS MARINE,,"18.500,000 Tons.","6.508,000 Tons.",HARBOR,,,,,"2.487,392",,
ATRACADOS,17,,"83.002,00",9310642,"21.109,420 Tons.",18/11/2024 06:15,,ROCHA TERMINAIS PORTUARIOS E LOGISTICA S.A.,,"8.251,000 Tons.",UREIA,LAUSANNE,,11/12/2024 22:30 - 23/12/2024 04:48,11/12/2024 22:30,"21.109,420 Tons.","6.500,000",74812,"228,99",0510862024,"46.207,000 Tons.",ZPORT,Imp,211,,,,,BB,,"67.316,000 Tons."
PROGRAMADOS,1,,"12.767,00",9431472,,17/12/2024 14:42,,TCP,,,CONTÊINERES (CONTENTORES) INCL,POTENTIA,,,,,,74999,"138,50",0552012024,,BPA,Exp,215,,,,,-,,"200,000 Tons."
PROGRAMADOS,2,,"51.624,00",9548823,,17/12/2024 08:00,,ROCHA TERMINAIS PORTUARIOS E LOGISTICA S.A.,,,EM ROLOS,STAR NAVARRA,,,,,,75070,"199,89",0557072024,,SEATRADE SERVICOS PORTUARIOS E LOGISTICOS,Exp,202,,,,,-,,"4.124,000 Tons."
PROGRAMADOS,3,,"132.623,00",9786748,,17/12/2024 04:00,,TCP (ESA),,,CONTÊINERES (CONTENTORES) INCL,KOTA PELANGI,,,,,,74996,"330,00",0541102024,,UNIMAR,Imp/Exp,216,,,,,-,,1.300 Movs.
PROGRAMADOS,4,,"49.689,00",9685463,,16/12/2024 08:42,16/12/2024 10:00,CATTALINI,,,OLEO DE SOJA,STENA IMAGINATION,,,,,,75099,"183,20",0559602024,,FERTIMPORT,Exp,143,,,,,-,,"13.500,000 Tons."
PROGRAMADOS,5,,"48.038,00",9612777,,,,TCP (NCO),,,CONTÊINERES (CONTENTORES) INCL,NC BRUMA,,,,,,74797,"223,91",0499612024,,ROCHAMAR,Imp/Exp,215,,,,,-,,1.050 Movs.
PROGRAMADOS,6,,"124.453,00",9622215,,13/12/2024 03:00,,TCP (SCS),,,CONTÊINERES (CONTENTORES) INCL,SAN MARCO MAERSK,,,,,,75064,"333,20",0483252024,,LACHMANN,Imp,218,,,,,-,,800 Movs.
PROGRAMADOS,7,,"28.496,00",9550278,,10/12/2024 01:00,,MARCON,,,OUTS.ACUCARES,LADY AILLAR,,150:27,,,"4.000,000",75000 - REP,"169,37",0550312024,,ALPHAMAR,Exp,205,,,,,BE,,"25.078,000 Tons."
PROGRAMADOS,8,,"46.590,00",9400801,,09/12/2024 15:30,,TRANSPETRO PGUA,,,FUEL-OIL (OLEO COMBUSTIVEL),QUEEN OF DORIA,,,,,,74993,"179,90",0557792024,,LACHMANN,Exp,141,,,,,-,,"25.500,000 Tons."
PROGRAMADOS,9,,"51.687,00",9401972,,03/12/2024 11:54,12/12/2024 19:00,CEU AZUL,,,AÇÚCAR,BONAS,,,,,,74933,"188,50",0536412024,,CARGONAVE,Exp,204,,,,,-,,"43.837,000 Tons."
PROGRAMADOS,10,,"61.458,00",9763875,,11/12/2024 04:42,,PORTO PONTA DO FELIX S/A,,,UREIA,TOP GRACE,,,,,,74961,"199,90",0533152024,,FORTENAVE,Imp,113,,,,,-,,"35.100,000 Tons."
PROGRAMADOS,11,,"34.014,42",9250696,,20/11/2024 05:15,,HARBOR,,,UREIA,BOSPHORUS ASIA,,,,,,74754,"177,00",0511682024,,ALPHAMAR,Imp,212,,,,,-,,"24.828,000 Tons."
PROGRAMADOS,12,,"85.062,00",9841287,,06/11/2024 05:30,,FOSPAR,,,SULFATO DE AMONIO,TOKYO QUEEN,,,,,,74677,"229,00",0498472024,,WILSON SONS,Imp,200,,,,,-,,"75.530,000 Tons."
AO LARGO PARA REATRACAÇÃO,1,15/12/2024 23:45,"116.384,00",9627904,,13/12/2024 18:00,,TCP (NBN),,,CONTÊINERES (CONTENTORES) INCL,TRAIGUEN,800 Movs.,,15/12/2024 05:35,,0,75063,"299,90",0495542024,0 Movs.,LACHMANN,Imp/Exp,218,,,,,BB,,800 Movs.
AO LARGO PARA REATRACAÇÃO,2,15/12/2024 01:10,"49.994,00",9751406,,08/12/2024 11:00,,CATTALINI,,,METANOL,TARANAKI SUN,"20.539,000 Tons.",13/12/2024 14:15 - 16/12/2024 11:58,13/12/2024 14:15,,"15.000,000",74896,"186,00",0519082024,"15.270,000 Tons.",ROCHAMAR,Imp,143,,,,,BB,,"35.809,000 Tons."
AO LARGO PARA REATRACAÇÃO,3,11/12/2024 13:00,"63.301,00",9575187,,21/11/2024 17:00,,HARBOR,,,OUTROS ADUBOS OU FERTILIZS.MIN,DAMON,"27.361,000 Tons.",08/12/2024 20:54 - 15/12/2024 04:58,08/12/2024 20:54,,"7.500,000",74666,"199,99",0477902024,"6.969,000 Tons.",WORLD SHIPPING PARANA,Imp,201,,,,,BE,,"34.330,000 Tons."
AO LARGO PARA REATRACAÇÃO,BE,,11/12/2024 13:00,08/12/2024 20:54,,,,"6.969,000 Tons.",,,"27.361,000 Tons.",CLORETOS DE POTASSIO,,,,,,Imp,21/11/2024 17:00,WORLD SHIPPING PARANA,,"34.330,000 Tons.","7.500,000",HARBOR,,,,,08/12/2024 20:54 - 15/12/2024 04:58,,
AO LARGO,1,,"144.653,00",9945849,,17/12/2024 05:30,,TCP (SSA),"11,50",,CONTÊINERES (CONTENTORES) INCL,COSCO SHIPPING ARGENTINA,,,,,,75098,"335,95",0559002024,,UNIMAR,Imp/Exp,216,,17/12/2024 07:00,"11,50",,,,650 Movs.
AO LARGO,2,,"132.343,00",9937323,,17/12/2024 05:30,,TCP (IPS),"11,00",,CONTÊINERES (CONTENTORES) INCL,ONE AMAZON,,,,,,75051,"329,86",0551982024,,WILSON SONS,Imp/Exp,216,,17/12/2024 06:00,"12,00",,,,500 Movs.
AO LARGO,3,,"131.095,00",9633939,,16/12/2024 10:30,,TCP (SCS),"10,00",,CONTÊINERES (CONTENTORES) INCL,CAP SAN ARTEMISSIO,,,,,,75066,"333,20",0493242024,,LACHMANN,Imp/Exp,218,,17/12/2024 01:00,"9,00",,,,800 Movs.
AO LARGO,4,,"38.167,00",9590967,,16/12/2024 21:00,,HARBOR,"10,00",,ADUBOS OU FERTILIZANTES C/NITR,IRMGARD,,,,,,74982,"179,97",0549572024,,MASTER OPERAÇÕES,Imp,211,,16/12/2024 21:00,"7,00",,,,"35.404,000 Tons."
AO LARGO,5,,"33.649,00",9597654,,15/12/2024 23:30,,ROCHA TERMINAIS PORTUARIOS E LOGISTICA S.A.,"8,98",,CEVADA CERVEJEIRA,ECO CROSSFIRE,,,,,,75055,"179,99",0553062024,,WILSON SONS,Imp,206,,15/12/2024 23:30,"6,15",,,,"25.500,000 Tons."
AO LARGO,6,,"53.299,00",9308106,,14/12/2024 11:05,,CEU AZUL,"7,00",,AÇÚCAR,EVANTHIA,,,,,,75101,"190,00",0560162024,,CARGONAVE,Exp,204,,15/12/2024 23:00,"12,60",,,,"515.000,000 Tons."
AO LARGO,7,,"27.129,20",9255189,,13/12/2024 19:30,,MARCON,"5,50",,AÇÚCAR,DS MANATEE,,,,,,75115,"178,43",0558542024,,FORTENAVE,Exp,205,,15/12/2024 19:30,"7,70",,,,"5.010,000 Tons."
AO LARGO,8,,"25.028,00",9427574,,14/12/2024 23:59,,PORTO PONTA DO FELIX S/A,"6,50",,AÇÚCAR,LUCKY TRADER,,,,,,75021,"157,23",0551292024,,WILSON SONS,Exp,113,,14/12/2024 23:59,"8,50",,,,"27.500,000 Tons."
AO LARGO,9,,"50.913,00",9205940,,14/12/2024 00:18,,ROCHA TERMINAIS PORTUARIOS E LOGISTICA S.A.,"7,50",,FARELO DE SOJA,SEAVENUS,,,,,,75056,"189,99",0554872024,,FERTIMPORT,Exp,213,,14/12/2024 00:01,"7,50",,,,"41.895,000 Tons."
AO LARGO,10,,"81.889,00",9582556,,13/12/2024 23:30,,ROCHA TERMINAIS PORTUARIOS E LOGISTICA S.A.,"10,00",,SULFATO DE AMONIO,IONIC KIBOU,,,,,,74721,"228,99",0483552024,,ROCHAMAR,Imp,209,,13/12/2024 23:30,"7,00",,,,"66.000,000 Tons."
AO LARGO,11,,"37.713,00",9748409,,13/12/2024 21:12,,ROCHA TERMINAIS PORTUARIOS E LOGISTICA S.A.,"10,20",,FERTILIZ.MINER.QUIM.C/NITROGEN,CS JENNA,,,,,,75032,"179,97",0549132024,,ROCHAMAR,Imp,208,,13/12/2024 21:12,"8,50",,,,"17.171,000 Tons."
AO LARGO,12,,"27.129,20",9255189,,13/12/2024 19:30,,FORTEPAR OPERAÇÕES PORTUÁRIAS S.A.,"5,50",,AÇÚCAR,DS MANATEE,,,,,,75078,"178,43",0558542024,,FORTENAVE,Exp,205,,13/12/2024 19:30,"7,70",,,,"12.035,000 Tons."
AO LARGO,13,,"34.492,00",9805271,,13/12/2024 07:50,,FORTESOLO,"8,00",,CLORETOS DE POTASSIO,FEDERAL DELTA,,,,,,74977,"199,98",,,ROCHAMAR,Imp,209,,13/12/2024 07:50,"6,30",,,,"14.711,000 Tons."
AO LARGO,Imp,,,13/12/2024 07:50,,,,"6,30",,,,13/12/2024 07:50,,,,,,ROCHAMAR,,ROCHA TERMINAIS PORTUARIOS E LOGISTICA S.A.,,"8,00","4.872,000 Tons.",CLORETOS DE POTASSIO,,,,,,,
AO LARGO,14,,"38.267,00",9574030,,12/12/2024 20:12,,PORTO PONTA DO FELIX S/A,"8,70",,CLORETOS DE POTASSIO,INA-LOTTE,,,,,,74940,"179,97",0541122024,,FORTENAVE,Imp,114,,12/12/2024 18:00,"6,20",,,,"20.961,000 Tons."
AO LARGO,15,,"81.982,00",9785988,,05/12/2024 10:40,,ALPHAMAR PORT SERVICES,"4,50",,FARELO DE SOJA,DUKE SANTOS,,,,,,75023,"229,00",0549422024,,ALPHAMAR,Exp,213,,07/12/2024 00:01,"12,80",,,,"63.000,000 Tons."
AO LARGO,16,,"63.683,00",9863869,,06/12/2024 11:36,,CEU AZUL,"6,20",,AÇÚCAR,EVA SHANGHAI,,,,,,74983,"199,90",0540142024,,CARGONAVE,Exp,204,,06/12/2024 12:00,"13,10",,,,"60.000,000 Tons."
AO LARGO,17,,"34.979,00",9748265,,05/12/2024 09:00,,ROCHA TERMINAIS PORTUARIOS E LOGISTICA S.A.,"9,82",,CLORETOS DE POTASSIO,PUMA,,,,,,74997,"179,97",0542912024,,FORTENAVE,Imp,211,,05/12/2024 09:00,"6,00",,,,"30.000,000 Tons."
AO LARGO,Imp,,,05/12/2024 09:00,,,,"6,00",,,,05/12/2024 09:00,,,,,,FORTENAVE,,HARBOR,,"9,82","2.550,000 Tons.",CLORETOS DE POTASSIO,,,,,,,
AO LARGO,18,,"58.609,00",9452505,,04/12/2024 08:00,,CEU AZUL,"6,50",,AÇÚCAR,SEAGULL,,,,,,74959,"196,00",0536492024,,BPA,Exp,204,,04/12/2024 08:00,"12,80",,,,"56.300,000 Tons."
AO LARGO,19,,"58.096,00",9425942,,03/12/2024 15:30,,CEU AZUL,"6,00",,AÇÚCAR,TRADE,,,,,,75005,"189,99",0543472024,,WILLIAMS,Exp,204,,03/12/2024 19:00,"11,30",,,,"47.250,000 Tons."
AO LARGO,20,,"82.330,00",9938810,,03/12/2024 04:30,,FORTESOLO,"12,80",,SULFATO DE AMONIO,CL XINYU,,,,,,74833,"229,00",0509992024,,ORION,Imp,211,,03/12/2024 06:00,"7,30",,,,"4.300,000 Tons."
AO LARGO,Imp,,,03/12/2024 04:30,,,,"7,30",,,,03/12/2024 06:00,,,,,,ORION,,ROCHA TERMINAIS PORTUARIOS E LOGISTICA S.A.,,"12,80","62.900,000 Tons.",SULFATO DE AMONIO,,,,,,,
AO LARGO,21,,"34.697,00",9612143,,01/12/2024 13:06,,FORTESOLO,"10,11",,DAP - Fosfato Diamonico,AFRICAN OSPREY,,,,,,74920,"180,00",0524932024,,ROCHAMAR,Imp,209,,01/12/2024 08:00,"7,50",,,,"31.353,000 Tons."
AO LARGO,Imp,,,01/12/2024 13:06,,,,"7,50",,,,01/12/2024 08:00,,,,,,ROCHAMAR,,FORTESOLO,,"10,11","31.353,000 Tons.",FERTILIZ.MINER.QUIM.C/NITROGEN,,,,,,,
AO LARGO,22,,"58.756,00",9617741,,01/12/2024 00:00,,FORTESOLO,"12,14",,CLORETOS DE POTASSIO,COMMON LUCK,,,,,,74923,"197,00",0536592024,,ZPORT,Imp,211,,01/12/2024 05:30,"9,00",,,,"14.280,000 Tons."
AO LARGO,Imp,,,01/12/2024 00:00,,,,"9,00",,,,01/12/2024 05:30,,,,,,ZPORT,,HARBOR,,"12,14","7.419,000 Tons.",CLORETOS DE POTASSIO,,,,,,,
AO LARGO,23,,"78.844,00",9402940,,30/11/2024 03:18,,FOSPAR,"11,90",,FERTILIZ.MINER.QUIM.C/NITROGEN,PELAGIA,,,,,,74738,"225,00",0485882024,,ROCHAMAR,Imp,200,,30/11/2024 20:00,"7,50",,,,"57.000,000 Tons."
AO LARGO,24,,"58.772,00",9482122,,28/11/2024 18:12,,FORTESOLO,"11,50",,UREIA,SUNNY ROYAL,,,,,,74787,"197,00",0497982024,,ROCHAMAR,Imp,209,,29/11/2024 20:00,"9,50",,,,"6.600,000 Tons."
AO LARGO,Imp,,,28/11/2024 18:12,,,,"9,50",,,,29/11/2024 20:00,,,,,,ROCHAMAR,,ROCHA TERMINAIS PORTUARIOS E LOGISTICA S.A.,,"11,50","42.900,000 Tons.",UREIA,,,,,,,
AO LARGO,25,,"35.010,05",9474216,,29/11/2024 11:42,,ROCHA TERMINAIS PORTUARIOS E LOGISTICA S.A.,"10,15",,FERTILIZ.MINER.QUIM.C/NITROGEN,COYOTE,,,,,,75004,"180,00",0542302024,,AMART,Imp,209,,29/11/2024 19:00,"7,00",,,,"27.139,000 Tons."
AO LARGO,26,,"45.174,30",9968487,,27/11/2024 15:00,,FORTESOLO,"10,26",,MAP,RODINA,,,,,,74919,"190,00",0530632024,,ORION,Imp,211,,27/11/2024 16:00,"7,43",,,,"9.880,000 Tons."
AO LARGO,Imp,,,27/11/2024 15:00,,,,"7,43",,,,27/11/2024 16:00,,,,,,ORION,,HARBOR,,"10,26","28.600,000 Tons.",MAP,,,,,,,
AO LARGO,Imp,,,27/11/2024 15:00,,,,"7,43",,,,27/11/2024 16:00,,,,,,ORION,,HARBOR,,"10,26","28.600,000 Tons.",ADUBOS OU FERTILIZANTES C/NITR,,,,,,,
AO LARGO,27,,"44.940,40",9754927,,27/11/2024 12:50,,FORTESOLO,"9,30",,ADUBOS OU FERTILIZANTES C/NITR,ROJEN,,,,,,74921,"185,00",,,AGENCIA MARITIMA NAABSA,Imp,211,,27/11/2024 13:00,"6,30",,,,"15.676,000 Tons."
AO LARGO,Imp,,,27/11/2024 12:50,,,,"6,30",,,,27/11/2024 13:00,,,,,,AGENCIA MARITIMA NAABSA,,HARBOR,,"9,30","17.275,000 Tons.",ADUBOS OU FERTILIZANTES C/NITR,,,,,,,
AO LARGO,28,,"82.094,00",9494113,,26/11/2024 12:30,,FOSPAR,"12,80",,SULFATO DE AMONIO,ATALANTA,,,,,,74897,"228,99",0519152024,,ORION,Imp,200,,26/11/2024 18:00,"7,10",,,,"67.900,000 Tons."
AO LARGO,29,,"35.850,00",9476977,,26/11/2024 12:00,,FORTESOLO,"7,30",,CLORETOS DE POTASSIO,FEDERAL YUKINA,,,,,,74939,"199,98",0530872024,,ORION,Imp,211,,26/11/2024 16:00,"5,09",,,,"6.300,000 Tons."
AO LARGO,Imp,,,26/11/2024 12:00,,,,"5,09",,,,26/11/2024 16:00,,,,,,ORION,,HARBOR,,"7,30","13.216,000 Tons.",CLORETOS DE POTASSIO,,,,,,,
AO LARGO,30,,"37.655,00",9775165,,25/11/2024 22:54,,FORTESOLO,"10,22",,CLORETO DE POTASSIO,UNI HARMONY,,,,,,74899,"179,97",0532012024,,ORION,Imp,211,,25/11/2024 23:00,"6,00",,,,"10.606,000 Tons."
AO LARGO,Imp,,,25/11/2024 22:54,,,,"6,00",,,,25/11/2024 23:00,,,,,,ORION,,ROCHA TERMINAIS PORTUARIOS E LOGISTICA S.A.,,"10,22","10.013,000 Tons.",CLORETO DE POTASSIO,,,,,,,
AO LARGO,31,,"87.396,00",9959773,,25/11/2024 22:36,,FOSPAR,"12,80",,FERTILIZ.MINER.QUIM.C/NITROGEN,SERENITY DIVA,,,,,,74873,"228,41",0525072024,,LACHMANN,Imp,200,,25/11/2024 22:30,"8,50",,,,"72.650,000 Tons."
AO LARGO,32,,"35.009,00",9561813,,25/11/2024 10:06,,ROCHA TERMINAIS PORTUARIOS E LOGISTICA S.A.,"10,20",,MAP,LUCILIA C,,,,,,74792,"175,60",0503662024,,LBH BRASIL,Imp,209,,25/11/2024 10:06,"7,50",,,,"11.100,000 Tons."
AO LARGO,Imp,,,25/11/2024 10:06,,,,"7,50",,,,25/11/2024 10:06,,,,,,LBH BRASIL,,ROCHA TERMINAIS PORTUARIOS E LOGISTICA S.A.,,"10,20","11.100,000 Tons.",ADUBOS OU FERTILIZANTES C/NITR,,,,,,,
AO LARGO,Imp,,,25/11/2024 10:06,,,,"7,50",,,,25/11/2024 10:06,,,,,,LBH BRASIL,,HARBOR,,"10,20","20.900,000 Tons.",MAP,,,,,,,
AO LARGO,Imp,,,25/11/2024 10:06,,,,"7,50",,,,25/11/2024 10:06,,,,,,LBH BRASIL,,HARBOR,,"10,20","20.900,000 Tons.",ADUBOS OU FERTILIZANTES C/NITR,,,,,,,
AO LARGO,33,,"61.211,00",9919644,,24/11/2024 23:40,,ROCHA TERMINAIS PORTUARIOS E LOGISTICA S.A.,"11,70",,UREIA,ROYAL,,,,,,74943,"199,90",,,ORION,Imp,211,,25/11/2024 07:00,"7,00",,,,"25.400,000 Tons."
AO LARGO,Imp,,,24/11/2024 23:40,,,,"7,00",,,,25/11/2024 07:00,,,,,,ORION,,HARBOR,,"11,70","24.600,000 Tons.",UREIA,,,,,,,
AO LARGO,34,,"57.809,00",9441415,,20/11/2024 11:50,,ROCHA TERMINAIS PORTUARIOS E LOGISTICA S.A.,"12,00",,UREIA,STAR RUNNER,,,,,,74720,"188,58",0483512024,,ROCHAMAR,Imp,209,,20/11/2024 12:00,"9,00",,,,"49.500,000 Tons."
AO LARGO,35,,"76.629,00",9362231,,17/11/2024 07:18,,FOSPAR,"12,80",,FERTILIZ.MINER.QUIM.C/NITROGEN,BROAD BONNIE,,,,,,74880,"224,94",0511442024,,WORLD SHIPPING PARANA,Imp,200,,17/11/2024 07:18,"7,00",,,,"64.250,000 Tons."
AO LARGO,Imp,,,17/11/2024 07:18,,,,"7,00",,,,17/11/2024 07:18,,,,,,WORLD SHIPPING PARANA,,FOSPAR,,"12,80","64.250,000 Tons.",SULFATO DE AMONIO,,,,,,,
ESPERADOS,0,,"1.441,20",9502518,,,,APPA,"5,00",,PASSAGEIROS,L AUSTRAL,,,,,,74950,"142,10",,,ISS MARINE,Imp,205,,22/03/2027 06:00,"5,00",,,,"0,000 Tons."
ESPERADOS,1,,"2.980,00",9192179,,,,APPA,"5,70",,PASSAGEIROS,SILVER WHISPER,,,,,,72780,"186,00",,,STAR SHIP AGENCIA MARITIMA,Exp,205,,20/02/2026 06:00,"5,70",,,,"0,000 Tons."
ESPERADOS,2,,"2.980,00",9192179,,,,APPA,"6,50",,PASSAGEIROS,SILVER WHISPER,,,,,,70607,"186,00",,,STAR SHIP AGENCIA MARITIMA,Imp/Exp,205,,08/02/2026 06:00,"6,50",,,,"0,000 Tons."
ESPERADOS,3,,"2.980,00",9192179,,,,APPA,"6,50",,PASSAGEIROS,SILVER WHISPER,,,,,,70604,"186,00",,,STAR SHIP AGENCIA MARITIMA,Imp/Exp,205,,22/12/2025 06:00,"6,50",,,,"0,000 Tons."
ESPERADOS,4,,"22.448,50",9243667,,,,APPA,"6,50",,PASSAGEIROS,CRYSTAL SERENITY,,,,,,70170,"250,00",,,STAR SHIP AGENCIA MARITIMA,Imp/Exp,205,,27/02/2025 06:00,"6,50",,,,"0,000 Tons."
ESPERADOS,5,,"6.807,00",8919245,,,,APPA,"7,80",,PASSAGEIROS,VASCO DA GAMA,,,,,,67720,"219,14",,,STAR SHIP AGENCIA MARITIMA,Imp/Exp,205,,18/02/2025 08:00,"7,80",,,,"0,000 Tons."
ESPERADOS,6,,"40.478,00",9243174,,,,TCP (SAT),"12,00",,CONTÊINERES (CONTENTORES) INCL,MIRADOR EXPRESS,,,,,,75087,"243,40",0558952024,,ROCHAMAR,Imp/Exp,216,,03/02/2025 19:00,"10,00",,,,1.050 Movs.
ESPERADOS,7,,"8.707,00",9210141,,,,ROCHA TERMINAIS PORTUARIOS E LOGISTICA S.A.,"6,80",,PASSAGEIROS,MSC ARMONIA,,,,,,73601,"274,90",,,MSC MEDITERRANEAN SHIPPING DO BRASIL LTDA,Imp/Exp,205,,31/01/2025 06:00,"6,80",,,,"0,000 Tons."
ESPERADOS,8,,"48.044,00",9612791,,,,TCP (NCO),"12,00",,CONTÊINERES (CONTENTORES) INCL,NC BRAVO,,,,,,75092,"223,91",0558942024,,ROCHAMAR,Imp/Exp,215,,30/01/2025 19:00,"10,00",,,,1.050 Movs.
ESPERADOS,9,,"111.650,00",9723253,,,,TCP (NBN),"12,00",,CONTÊINERES (CONTENTORES) INCL,BREMERHAVEN EXPRESS,,,,,,75086,"299,98",0558922024,,ROCHAMAR,Imp/Exp,218,,28/01/2025 19:00,"10,00",,,,1.050 Movs.
ESPERADOS,10,,"51.060,00",9227273,,,,TCP (SAT),"12,00",,CONTÊINERES (CONTENTORES) INCL,IRENES RESOLVE,,,,,,75085,"257,38",,,ROCHAMAR,Imp/Exp,216,,27/01/2025 19:00,"10,00",,,,1.050 Movs.
ESPERADOS,11,,"79.256,00",9719874,,,,TCP (GS1),"12,00",,CONTÊINERES (CONTENTORES) INCL,CAPE PIONEER,,,,,,75084,"270,90",0558872024,,ROCHAMAR,Imp/Exp,215,,24/01/2025 19:00,"10,00",,,,1.050 Movs.
ESPERADOS,12,,"8.707,00",9210141,,,,ROCHA TERMINAIS PORTUARIOS E LOGISTICA S.A.,"6,80",,PASSAGEIROS,MSC ARMONIA,,,,,,73600,"274,90",,,MSC MEDITERRANEAN SHIPPING DO BRASIL LTDA,Imp/Exp,205,,24/01/2025 06:00,"6,80",,,,"0,000 Tons."
ESPERADOS,13,,"17.406,00",9372810,,,,MARCON,"8,00",,VEICULOS,POLARIS LEADER,,,,,,74636,"179,90",,,LACHMANN,Imp/Exp,219,,24/01/2025 06:00,"8,00",,,,650 Movs.
ESPERADOS,14,,"116.933,00",9687564,,,,TCP (WME),"12,00",,CONTÊINERES (CONTENTORES) INCL,CORCOVADO,,,,,,75083,"299,90",0558842024,,ROCHAMAR,Imp/Exp,216,,23/01/2025 19:00,"10,00",,,,1.050 Movs.
ESPERADOS,15,,"134.931,00",9777175,,,,TCP (AS2),"12,00",,CONTÊINERES (CONTENTORES) INCL,CAPE ARTEMISIO,,,,,,75082,"330,02",0558832024,,ROCHAMAR,Imp/Exp,218,,23/01/2025 19:00,"10,00",,,,1.050 Movs.
ESPERADOS,16,,"48.044,00",9612765,,,,TCP (NCO),"12,00",,CONTÊINERES (CONTENTORES) INCL,NC BREDA,,,,,,75091,"224,00",0558862024,,ROCHAMAR,Imp/Exp,215,,23/01/2025 19:00,"10,00",,,,1.050 Movs.
ESPERADOS,17,,"38.605,00",9953561,,,,TCP (SAT),"11,00",,CONTÊINERES (CONTENTORES) INCL,IRENES RULE,,,,,,75081,"185,97",0558782024,,ROCHAMAR,Imp/Exp,216,,20/01/2025 19:00,"10,00",,,,1.050 Movs.
ESPERADOS,18,,"47.818,00",9232802,,,,ROCHA TERMINAIS PORTUARIOS E LOGISTICA S.A.,"9,00",,PASTA QUIM.MADEIRA DE N/CONIF.,CEDAR ARROW,,,,,,75133,"189,95",,,SEATRADE SERVICOS PORTUARIOS E LOGISTICOS,Exp,202,,17/01/2025 08:00,"10,70",,,,"5.000,000 Tons."
ESPERADOS,19,,"8.707,00",9210141,,,,ROCHA TERMINAIS PORTUARIOS E LOGISTICA S.A.,"6,80",,PASSAGEIROS,MSC ARMONIA,,,,,,73599,"274,90",,,MSC MEDITERRANEAN SHIPPING DO BRASIL LTDA,Imp/Exp,205,,17/01/2025 06:00,"6,80",,,,"0,000 Tons."
ESPERADOS,20,,"48.039,00",9612789,,,,TCP (NCO),"12,00",,CONTÊINERES (CONTENTORES) INCL,NC BRISA,,,,,,75089,"223,96",0558762024,,ROCHAMAR,Imp/Exp,215,,16/01/2025 19:00,"10,00",,,,1.050 Movs.
ESPERADOS,21,,"48.039,00",9612789,,,,TCP (NCO),"12,00",,CONTÊINERES (CONTENTORES) INCL,NC BRISA,,,,,,74798,"223,96",0499652024,,ROCHAMAR,Imp/Exp,215,,16/01/2025 11:00,"10,00",,,,1.050 Movs.
ESPERADOS,22,,"38.605,00",9953391,,,,TCP (SAT),"12,00",,CONTÊINERES (CONTENTORES) INCL,IRENES WISDOM,,,,,,75080,"185,97",0558742024,,ROCHAMAR,Imp/Exp,216,,13/01/2025 19:00,"10,00",,,,1.050 Movs.
ESPERADOS,23,,"19.998,00",9477531,,,,CATTALINI,"9,71",,SODA CÁUSTICA,SHAMROCK MERCURY,,,,,,75097,"145,53",0558972024,,ROCHAMAR,Imp,143,,13/01/2025 08:00,"7,50",,,,"10.000,000 Tons."
ESPERADOS,24,,"134.931,00",9777175,,,,TCP (AS2),"12,00",,CONTÊINERES (CONTENTORES) INCL,CAPE ARTEMISIO,,,,,,75079,"330,02",,,ROCHAMAR,Imp/Exp,218,,12/01/2025 19:00,"10,00",,,,1.050 Movs.
ESPERADOS,25,,"146.036,00",9938274,,,,TCP (AS2),"11,50",,CONTÊINERES (CONTENTORES) INCL,CMA CGM SAO PAULO,,,,,,75109,"336,00",0561182024,,UNIMAR,Imp/Exp,216,,12/01/2025 07:00,"11,50",,,,500 Movs.
ESPERADOS,26,,"132.678,00",9793935,,,,TCP (AS2),"12,00",,CONTÊINERES (CONTENTORES) INCL,NAVEGANTES EXPRESS,,,,,,75077,"330,00",0558702024,,ROCHAMAR,Imp/Exp,218,,10/01/2025 19:00,"10,00",,,,1.050 Movs.
ESPERADOS,27,,"8.707,00",9210141,,,,ROCHA TERMINAIS PORTUARIOS E LOGISTICA S.A.,"6,80",,PASSAGEIROS,MSC ARMONIA,,,,,,73598,"274,90",,,MSC MEDITERRANEAN SHIPPING DO BRASIL LTDA,Imp/Exp,205,,10/01/2025 06:00,"6,80",,,,"0,000 Tons."
ESPERADOS,28,,"48.038,00",9612777,,,,TCP (NCO),"12,00",,CONTÊINERES (CONTENTORES) INCL,NC BRUMA,,,,,,75088,"223,91",0558672024,,ROCHAMAR,Imp/Exp,215,,09/01/2025 19:00,"10,00",,,,1.050 Movs.
ESPERADOS,29,,"63.452,00",9790842,,,,FORTESOLO,"7,40",,MAP,BAHRI HAYA,,,,,,74949,"199,99",,,AMART,Imp,211,,08/01/2025 10:00,"5,60",,,,"10.000,000 Tons."
ESPERADOS,30,,"50.792,00",9603790,,,,TCP,"9,00",,OUTROS SECADORES,STAR LOEN,,,,,,75053,"204,38",,,SEATRADE SERVICOS PORTUARIOS E LOGISTICOS,Imp,215,,08/01/2025 08:00,"10,70",,,,"3.000,000 Tons."
ESPERADOS,31,,"116.931,60",9687576,,,,TCP (NWC),"12,00",,CONTÊINERES (CONTENTORES) INCL,CISNES,,,,,,75076,"299,90",0558572024,,ROCHAMAR,Imp/Exp,216,,07/01/2025 19:00,"10,00",,,,1.050 Movs.
ESPERADOS,32,,"50.620,00",9834155,,,,CATTALINI,"8,00",,METANOL,CASTARA,,,,,,75124,"186,07",,,ROCHAMAR,Imp,141,,06/01/2025 17:07,"6,50",,,,"26.000,000 Tons."
ESPERADOS,33,,"22.062,00",9371775,,,,CATTALINI,"8,00",,METANOL,HUEMUL,,,,,,75132,"161,12",,,ROCHAMAR,Imp,141,,06/01/2025 14:03,"6,50",,,,"7.000,000 Tons."
ESPERADOS,34,,"42.102,00",9309277,,,,TCP (SAT),"12,00",,CONTÊINERES (CONTENTORES) INCL,MONA LISA,,,,,,74807,"230,90",0499902024,,ROCHAMAR,Imp/Exp,216,,06/01/2025 10:00,"10,00",,,,1.050 Movs.
ESPERADOS,35,,"8.707,00",9210141,,,,ROCHA TERMINAIS PORTUARIOS E LOGISTICA S.A.,"6,80",,PASSAGEIROS,MSC ARMONIA,,,,,,73597,"274,90",,,MSC MEDITERRANEAN SHIPPING DO BRASIL LTDA,Imp/Exp,205,,03/01/2025 06:00,"6,80",,,,"0,000 Tons."
ESPERADOS,36,,"82.204,00",9789867,,,,FOSPAR,"11,55",,SULFATO DE AMONIO,BBG INTEGRITY,,,,,,75129,"228,99",0564492024,,ORION,Imp,200,,02/01/2025 15:00,"7,25",,,,"58.671,000 Tons."
ESPERADOS,37,,"48.044,00",9612791,,,,TCP (NCO),"12,00",,CONTÊINERES (CONTENTORES) INCL,NC BRAVO,,,,,,74805,"223,91",0499862024,,ROCHAMAR,Imp/Exp,215,,02/01/2025 11:00,"10,00",,,,1.050 Movs.
ESPERADOS,38,,"81.612,00",9836414,,,,TIBAGI,"7,26",,SOJA,NOVA CAELI,,,,,,75114,"228,99",0568792024,,WILSON SONS,Exp,213,,02/01/2025 07:00,"13,10",,,,"68.500,000 Tons."
ESPERADOS,39,,"132.343,00",9937323,,,,TCP (IPS),"11,00",,CONTÊINERES (CONTENTORES) INCL,ONE AMAZON,,,,,,75059,"329,86",0553532024,,WILSON SONS,Imp/Exp,216,,02/01/2025 06:00,"10,90",,,,500 Movs.
ESPERADOS,40,,"6.513,00",9580182,,,,TRANSPETRO PGUA,"7,90",,GLP,EPIC BEATA,,,,,,75147,"112,50",,,LACHMANN,Imp,142,,01/01/2025 05:00,"6,50",,,,"3.500,000 Tons."
ESPERADOS,41,,"84.769,00",9796195,,,,FOSPAR,"12,00",,SULFATO DE AMONIO,IONIC KALLIRHOE,,,,,,74988,"229,95",,,ROCHAMAR,Imp,200,,31/12/2024 08:00,"9,50",,,,"69.400,000 Tons."
ESPERADOS,42,,"32.267,00",9217618,,,,MARCON,"4,50",,OUTS.ACUCARES,FORZA ROMA,,,,,,75146,"171,60",,,MARCON,Exp,202,,31/12/2024 07:00,"9,80",,,,"27.588,000 Tons."
ESPERADOS,43,,"20.831,00",9442548,,,,CATTALINI,"10,00",,SODA CÁUSTICA,PVT CLARA,,,,,,75150,"147,83",,,LACHMANN,Imp,143,,30/12/2024 12:00,"9,00",,,,"5.000,000 Tons."
ESPERADOS,44,,"71.407,00",9531909,,,,TCP (NBR),"10,50",,CONTÊINERES (CONTENTORES) INCL,HANS SCHULTE,,,,,,75137,"275,07",0566192024,,UNIMAR,Imp/Exp,216,,30/12/2024 11:00,"11,00",,,,500 Movs.
ESPERADOS,45,,"28.451,00",9470818,,,,MARCON,"5,10",,OUTS.ACUCARES,AMALEA,,,,,,75103,"169,26",,,MARCON,Exp,202,,30/12/2024 07:00,"9,20",,,,"25.080,000 Tons."
ESPERADOS,46,,"26.169,00",9246592,,,,TCP,"8,50",,OUTS.CARREGADORAS/PAS-CARREGAD,GRANDE FRANCIA,,,,,,73275,"196,61",,,LACHMANN,Imp/Exp,215,,30/12/2024 01:00,"8,00",,,,"36.000,000 Tons."
ESPERADOS,47,,"25.914,00",9989194,,,,CATTALINI,"8,00",,ALIMET,BOW LYNX,,,,,,75096,"156,53",,,GRANEL,Imp,143,,29/12/2024 19:00,"6,50",,,,"3.000,000 Tons."
ESPERADOS,48,,"137.022,00",9936513,,,,TCP (AS2),"11,50",,CONTÊINERES (CONTENTORES) INCL,ZIM THAILAND,,,,,,75107,"333,95",,,ZIM DO BRASIL,Imp/Exp,218,,29/12/2024 17:00,"12,00",,,,800 Movs.
ESPERADOS,49,,"82.026,00",9897573,,,,ALPHAMAR PORT SERVICES,"6,80",,FARELO DE SOJA,ADMIRAL REIWA,,,,,,75138,"228,96",0568102024,,ALPHAMAR,Exp,213,,29/12/2024 10:00,"13,10",,,,"63.000,000 Tons."
ESPERADOS,50,,"14.394,00",9192959,,,,MARCON,"6,00",,AUTOMÓVEIS DE PASSAGEIROS E OU,RSC CARIBE,,,,,,75031,"195,10",,,MARCON,Imp/Exp,215,,29/12/2024 07:00,"7,20",,,,"1.600,000 Tons."
ESPERADOS,51,,"38.506,00",9727560,,,,CATTALINI,"10,10",,OUTROS OLEOS DE DENDE,HAFNIA AZURITE,,,,,,75040,"184,06",,,CARGONAVE,Imp,143,,28/12/2024 22:00,"12,80",,,,"18.304,000 Tons."
ESPERADOS,52,,"19.980,00",9900461,,,,CATTALINI,"9,75",,METANOL,ESTEEM SANGO,,,,,,75067,"146,30",0555902024,,ROCHAMAR,Imp,141,,28/12/2024 14:40,"8,50",,,,"17.000,000 Tons."
ESPERADOS,53,,"132.430,70",9786724,,,,TCP (AS2),"12,00",,CONTÊINERES (CONTENTORES) INCL,PARANAGUA EXPRESS,,,,,,74799,"330,00",0499682024,,ROCHAMAR,Imp/Exp,218,,28/12/2024 11:00,"10,00",,,,1.050 Movs.
ESPERADOS,54,,"119.397,50",9630420,,,,TCP (AS2),"12,00",,CONTÊINERES (CONTENTORES) INCL,XIAMEN EXPRESS,,,,,,74832,"336,00",0505752024,,ROCHAMAR,Imp/Exp,218,,28/12/2024 08:00,"10,00",,,,1.050 Movs.
ESPERADOS,55,,"103.723,00",9604122,,,,TCP (ESA),"10,60",,CONTÊINERES (CONTENTORES) INCL,EVER LOTUS,,,,,,75134,"334,98",,,GRIEG,Imp/Exp,216,,28/12/2024 07:00,"10,90",,,,750 Movs.
ESPERADOS,56,,"80.551,00",9629457,,,,TCP (NBR),"11,00",,CONTÊINERES (CONTENTORES) INCL,CARDIFF,,,,,,75122,"270,90",,,UNIMAR,Imp/Exp,216,,28/12/2024 01:00,"11,00",,,,650 Movs.
ESPERADOS,57,,"35.063,70",9580106,,,,HARBOR,"9,80",,NITRATO DE AMONIO,UNION GROOVE,,,,,,75019,"180,00",0568542024,,WORLD SHIPPING PARANA,Imp,209,,27/12/2024 19:00,"6,40",,,,"12.857,000 Tons."
ESPERADOS,58,,"81.703,00",9836476,,,,FOSPAR,"12,00",,SULFATO DE AMONIO,CRIMSON AMBER,,,,,,75128,"228,99",0564962024,,ORION,Imp,200,,27/12/2024 18:00,"6,20",,,,"67.750,000 Tons."
ESPERADOS,59,,"80.108,00",9323508,,,,TCP (FIL),"10,50",,CONTÊINERES (CONTENTORES) INCL,HYUNDAI COLOMBO,,,,,,75142,"303,83",0567792024,,UNIMAR,Imp/Exp,216,,27/12/2024 11:00,"11,00",,,,350 Movs.
ESPERADOS,60,,"85.891,00",9225653,,,,TCP (NBR),"10,50",,CONTÊINERES (CONTENTORES) INCL,ALESSIA,,,,,,75069,"300,00",0556542024,,UNIMAR,Imp/Exp,216,,27/12/2024 11:00,"11,00",,,,650 Movs.
ESPERADOS,61,,"64.723,00",9815965,,,,ROCHA TERMINAIS PORTUARIOS E LOGISTICA S.A.,"10,50",,CLORETO DE POTASSIO,MAROUDIO,,,,,,75105,"199,95",,,AMART,Imp,211,,27/12/2024 10:00,"8,00",,,,"31.060,000 Tons."
ESPERADOS,62,,"39.070,00",9723289,,,,CBL - COMPANHIA BRASILEIRA DE LOGÍSTICA,"10,80",,OLEO DIESEL,MINERVA LEO,,,,,,75149,"184,27",,,LACHMANN,Imp,142,,27/12/2024 08:00,"8,00",,,,"15.000,000 Tons."
ESPERADOS,Imp,,"9.218,000 Tons.",,,,,,,,,27/12/2024 08:00,,,,,,LACHMANN,,CATTALINI,,"8,00","10,80",OLEO DIESEL,,,,,,,
ESPERADOS,63,,"50.748,00",9593878,,,,ROCHA TERMINAIS PORTUARIOS E LOGISTICA S.A.,"9,00",,PASTA QUIM.MADEIRA DE N/CONIF.,STAR LINDESNES,,,,,,75041,"204,36",,,SEATRADE SERVICOS PORTUARIOS E LOGISTICOS,Exp,202,,27/12/2024 08:00,"10,70",,,,"33.000,000 Tons."
ESPERADOS,64,,"8.707,00",9210141,,,,ROCHA TERMINAIS PORTUARIOS E LOGISTICA S.A.,"6,80",,PASSAGEIROS,MSC ARMONIA,,,,,,73596,"274,90",,,MSC MEDITERRANEAN SHIPPING DO BRASIL LTDA,Imp/Exp,205,,27/12/2024 06:00,"6,80",,,,"0,000 Tons."
ESPERADOS,65,,"52.219,40",9312573,,,,TCP (LXN),"10,50",,CONTÊINERES (CONTENTORES) INCL,XIN WEI HAI,,,,,,75095,"263,23",0558592024,,UNIMAR,Imp/Exp,215,,27/12/2024 02:00,"10,50",,,,500 Movs.
ESPERADOS,66,,"32.946,00",9310721,,,,PORTO PONTA DO FELIX S/A,"7,80",,MALTE,CALLIO,,,,,,75118,"177,00",,,BPA,Imp,113,,26/12/2024 13:00,"7,00",,,,"6.000,000 Tons."
ESPERADOS,67,,"37.518,00",9214317,,,,CATTALINI,"9,00",,"SEBO BOVINO,EM BRUTO",BOW CHAIN,,,,,,75136,"183,10",0565952024,,ROCHAMAR,Exp,143,,26/12/2024 12:00,"7,00",,,,"4.900,000 Tons."
ESPERADOS,68,,"48.044,00",9612765,,,,TCP (NCO),"12,00",,CONTÊINERES (CONTENTORES) INCL,NC BREDA,,,,,,74800,"224,00",0499742024,,ROCHAMAR,Imp/Exp,215,,26/12/2024 11:00,"10,00",,,,1.050 Movs.
ESPERADOS,69,,"132.678,00",9793935,,,,TCP (AS2),"12,00",,CONTÊINERES (CONTENTORES) INCL,NAVEGANTES EXPRESS,,,,,,74803,"330,00",0499802024,,ROCHAMAR,Imp/Exp,218,,26/12/2024 11:00,"10,00",,,,1.050 Movs.
ESPERADOS,70,,"63.292,00",9722041,,,,ROCHA TERMINAIS PORTUARIOS E LOGISTICA S.A.,"11,70",,UREIA,JABAL AR RAWDAH,,,,,,75145,"199,90",,,WILSON SONS,Imp,211,,26/12/2024 07:00,"7,00",,,,"49.500,000 Tons."
ESPERADOS,71,,"18.770,00",9701140,,,,TCP,"8,80",,AUTOMÓVEIS DE PASSAGEIROS E OU,GOODWOOD,,,,,,75120,"199,97",0562822024,,UNIMAR,Imp/Exp,219,,26/12/2024 06:00,"8,80",,,,"2.000,000 Tons."
ESPERADOS,72,,"123.587,00",9777618,,,,TCP (LXS),"12,00",,CONTÊINERES (CONTENTORES) INCL,CARTAGENA EXPRESS,,,,,,74804,"333,20",0499852024,,ROCHAMAR,Imp/Exp,216,,25/12/2024 11:00,"10,00",,,,1.050 Movs.
ESPERADOS,73,,"57.266,00",9451173,,,,ROCHA TERMINAIS PORTUARIOS E LOGISTICA S.A.,"10,50",,CEVADA CERVEJEIRA,SERENA,,,,,,75054,"190,00",0553042024,,WILSON SONS,Imp,206,,25/12/2024 07:00,"8,50",,,,"30.204,000 Tons."
ESPERADOS,74,,"21.421,00",9122942,,,,MARCON,"7,90",,AUTOMÓVEIS DE PASSAGEIROS E OU,GLOVIS COMET,,,,,,75060,"199,98",,,MARCON,Imp/Exp,219,,25/12/2024 07:00,"6,70",,,,531 Movs.
ESPERADOS,75,,"50.188,00",9262118,,,,TCP (LXS),"10,50",,CONTÊINERES (CONTENTORES) INCL,XIN CHONG QING,,,,,,75121,"263,23",0563082024,,UNIMAR,Imp/Exp,216,,25/12/2024 05:00,"10,50",,,,315 Movs.
ESPERADOS,76,,"110.525,00",9722663,,,,TCP (NBN),"11,00",,CONTÊINERES (CONTENTORES) INCL,CMA CGM COLUMBIA,,,,,,75116,"299,90",0562562024,,UNIMAR,Imp/Exp,218,,25/12/2024 01:00,"11,00",,,,315 Movs.
ESPERADOS,77,,"26.021,00",9952177,,,,CATTALINI,"8,50",,ALIMET,BOW LION,,,,,,75125,"156,53",,,GRANEL,Imp,143,,24/12/2024 23:00,"6,50",,,,"2.837,000 Tons."
ESPERADOS,78,,"19.772,00",9952127,,,,CATTALINI,"9,00",,METANOL,SARUS CRANE,,,,,,75135,"145,53",,,ROCHAMAR,Imp,141,,24/12/2024 13:09,"7,00",,,,"7.000,000 Tons."
ESPERADOS,79,,"31.770,00",9178551,,,,HARBOR,"9,80",,UREIA,SELIN-M,,,,,,75073,"176,82",0568232024,,AGENCIA MARITIMA NAABSA,Imp,211,,24/12/2024 07:00,"5,90",,,,"29.154,000 Tons."
ESPERADOS,80,,"16.451,00",9213806,,,,MARCON,"8,00",,VEICULOS,SIRIUS LEADER,,,,,,74633,"180,00",,,LACHMANN,Imp/Exp,219,,24/12/2024 06:00,"8,00",,,,650 Movs.
ESPERADOS,81,,"22.062,00",9371775,,,,CATTALINI,"9,00",,METANOL,HUEMUL,,,,,,75144,"161,12",0569602024,,ROCHAMAR,Imp,141,,24/12/2024 01:03,"7,50",,,,"18.250,000 Tons."
ESPERADOS,82,,"25.211,00",9707871,,,,CATTALINI,"10,00",,SODA CÁUSTICA,ARDMORE CHIPPEWA,,,,,,75050,"158,80",,,TRANSATLANTICA,Imp,144,,24/12/2024 01:00,"9,00",,,,"10.000,000 Tons."
ESPERADOS,83,,"24.729,00",9950090,,,,TCP (MED),"10,00",,CONTÊINERES (CONTENTORES) INCL,CAPE BYRON,,,,,,75074,"172,00",,,UNIMAR,Imp/Exp,215,,23/12/2024 13:00,"10,00",,,,315 Movs.
ESPERADOS,84,,"28.406,00",9624172,,,,MARCON,"5,55",,FARELO DE MILHO - DDGS,ELIAS,,,,,,75130,"169,37",0570552024,,WILLIAMS,Exp,202,,23/12/2024 13:00,"6,14",,,,"7.000,000 Tons."
ESPERADOS,Exp,,"3.000,000 Tons.",,,,,,,,,23/12/2024 13:00,,,,,,WILLIAMS,,MARCON,,"6,14","5,55",OUTS.ACUCARES,,,,,,,
ESPERADOS,85,,"40.478,00",9243174,,,,TCP (SAT),"12,00",,CONTÊINERES (CONTENTORES) INCL,MIRADOR EXPRESS,,,,,,74802,"243,40",0499772024,,ROCHAMAR,Imp/Exp,216,,23/12/2024 11:00,"10,00",,,,1.050 Movs.
ESPERADOS,86,,"49.680,00",9683398,,,,CATTALINI,"6,10",,OLEO DE SOJA,TORM DORIS,,,,,,75057,"183,06",0561152024,,CARGONAVE,Exp,143,,22/12/2024 19:00,"13,10",,,,"13.000,000 Tons."
ESPERADOS,87,,"29.013,00",9341445,,,,CPA TERMINAL PARANAGUA S.A,"8,85",,NAFTAS PARA PETROQUIMICA,OM BORNEO,,,,,,75028,"175,50",054810202 ,,WILSON SONS,Imp,142,,22/12/2024 06:00,"7,50",,,,"8.000,000 Tons."
ESPERADOS,88,,"39.927,80",9994802,,,,ROCHA TERMINAIS PORTUARIOS E LOGISTICA S.A.,"10,68",,CLORETOS DE POTASSIO,HARMONY,,,,,,75106,"179,95",,,FORTENAVE,Imp,208,,21/12/2024 22:00,"6,94",,,,"36.800,000 Tons."
ESPERADOS,89,,"64.624,00",9932804,,,,HARBOR,"10,95",,CLORETOS DE POTASSIO,PORT OSHIMA,,,,,,75102,"199,95",0564142024,,ORION,Imp,209,,21/12/2024 20:00,"6,72",,,,"44.681,000 Tons."
ESPERADOS,90,,"103.891,00",9629079,,,,TCP (ESA),"10,90",,CONTÊINERES (CONTENTORES) INCL,EVER LISSOME,,,,,,75026,"334,80",0548312024,,GRIEG,Imp/Exp,216,,21/12/2024 07:00,"11,10",,,,750 Movs.
ESPERADOS,91,,"90.456,00",9085522,,,,TCP (US1),"9,80",,CONTÊINERES (CONTENTORES) INCL,KURE,,,,,,75141,"318,24",,,MSC MEDITERRANEAN SHIPPING DO BRASIL LTDA,Imp/Exp,218,,21/12/2024 04:00,"10,00",,,,700 Movs.
ESPERADOS,92,,"82.062,40",9841885,,,,CARGONAVE,"7,00",,FARELO DE SOJA,MAGNA GRAECIA,,,,,,75104,"229,00",0562342024,,CARGONAVE,Exp,214,,20/12/2024 19:00,"13,10",,,,"63.000,000 Tons."
ESPERADOS,93,,"119.327,50",9706310,,,,TCP (WME),"9,80",,CONTÊINERES (CONTENTORES) INCL,MSC ADONIS,,,,,,75111,"299,99",0561292024,,MSC MEDITERRANEAN SHIPPING DO BRASIL LTDA,Imp/Exp,216,,20/12/2024 17:00,"10,00",,,,1.400 Movs.
ESPERADOS,94,,"82.561,00",9900203,,,,ROCHA TERMINAIS PORTUARIOS E LOGISTICA S.A.,"12,80",,SULFATO DE AMONIO,IONIAN SEA,,,,,,75009,"228,99",0542672024,,WILSON SONS,Imp,211,,20/12/2024 17:00,"7,40",,,,"135.800,000 Tons."
ESPERADOS,95,,"98.967,10",9347554,,,,TCP (FIL),"10,50",,CONTÊINERES (CONTENTORES) INCL,HYUNDAI FAITH,,,,,,75113,"339,62",0562112024,,UNIMAR,Imp/Exp,216,,20/12/2024 11:00,"11,30",,,,500 Movs.
ESPERADOS,96,,"8.707,00",9210141,,,,ROCHA TERMINAIS PORTUARIOS E LOGISTICA S.A.,"6,80",,PASSAGEIROS,MSC ARMONIA,,,,,,73595,"274,90",0560252024,,MSC MEDITERRANEAN SHIPPING DO BRASIL LTDA,Imp/Exp,205,,20/12/2024 08:00,"6,80",,,,"0,000 Tons."
ESPERADOS,97,,"82.197,20",1024649,,,,ROCHA TERMINAIS PORTUARIOS E LOGISTICA S.A.,"12,80",,SULFATO DE AMONIO,BH POWER,,,,,,75071,"229,00",,,AGENCIA MARITIMA NAABSA,Imp,211,,20/12/2024 07:00,"7,20",,,,"68.223,000 Tons."
ESPERADOS,98,,"49.127,00",9973901,,,,CBL - COMPANHIA BRASILEIRA DE LOGÍSTICA,"11,50",,GASOLINAS,NAVIG8 EXCEL,,,,,,75148,"183,24",,,ORION,Imp,141,,20/12/2024 07:00,"9,50",,,,"15.532,000 Tons."
ESPERADOS,99,,"81.837,00",9803340,,,,ROCHA TERMINAIS PORTUARIOS E LOGISTICA S.A.,"11,64",,SULFATO DE AMONIO,LORD BYRON,,,,,,75029,"228,99",0561072024,,CARGONAVE,Imp,211,,19/12/2024 21:00,"7,10",,,,"58.800,000 Tons."
ESPERADOS,100,,"39.383,00",9253026,,,,TCP (ZGT),"8,50",,CONTÊINERES (CONTENTORES) INCL,ANNIE B,,,,,,74992,"222,10",0565752024,,ZIM DO BRASIL,Imp/Exp,215,,19/12/2024 13:00,"10,20",,,,450 Movs.
ESPERADOS,101,,"116.933,00",9687552,,,,TCP (NWC),"12,00",,CONTÊINERES (CONTENTORES) INCL,CAUQUENES,,,,,,74556,"299,90",0453102024,,ROCHAMAR,Imp/Exp,216,,19/12/2024 12:00,"10,00",,,,1.050 Movs.
ESPERADOS,102,,"47.786,00",9349198,,,,CATTALINI,"9,30",,OLEO DE SOJA,SEA LEGEND,,,,,,75036,"183,00",0549942024,,ROCHAMAR,Exp,143,,19/12/2024 12:00,"11,00",,,,"10.000,000 Tons."
ESPERADOS,103,,"21.616,00",9565560,,,,ORION,"8,50",,AUTOMÓVEIS DE PASSAGEIROS E OU,DALIAN HIGHWAY,,,,,,75025,"199,90",0546962024,,UNIMAR,Imp/Exp,219,,19/12/2024 08:00,"8,80",,,,"425,000 Tons."
ESPERADOS,104,,"53.806,00",9232151,,,,ROCHA TERMINAIS PORTUARIOS E LOGISTICA S.A.,"11,00",,MAP,ZEYNEP C,,,,,,75006,"189,99",0542652024,,WILSON SONS,Imp,211,,19/12/2024 07:00,"9,50",,,,"13.200,000 Tons."
ESPERADOS,Imp,,"13.200,000 Tons.",,,,,,,,,19/12/2024 07:00,,,,,,WILSON SONS,,ROCHA TERMINAIS PORTUARIOS E LOGISTICA S.A.,,"9,50","11,00",CLORETOS DE POTASSIO,,,,,,,
ESPERADOS,Imp,,"13.200,000 Tons.",,,,,,,,,19/12/2024 07:00,,,,,,WILSON SONS,,HARBOR,,"9,50","11,00",CLORETOS DE POTASSIO,,,,,,,
ESPERADOS,105,,"132.236,00",9937335,,,,TCP (IPN),"10,60",,CONTÊINERES (CONTENTORES) INCL,ONE PARANA,,,,,,74987,"330,00",0540352024,,WILSON SONS,Imp/Exp,218,,19/12/2024 06:00,"10,20",,,,500 Movs.
ESPERADOS,106,,"19.628,00",9310109,,,,MARCON,"8,10",,VEICULOS,LIBERTY,,,,,,75131,"199,99",0564392024,,WILHELMSEN PORT SERVICE BRASIL LTDA,Imp/Exp,219,,19/12/2024 06:00,"8,30",,,,"1.000,000 Tons."
ESPERADOS,107,,"937.874,00",9970014,,,,TCP (EXT),"9,80",,CONTÊINERES (CONTENTORES) INCL,GREENVILLE,,,,,,75143,"272,00",0568312024,,MSC MEDITERRANEAN SHIPPING DO BRASIL LTDA,Imp/Exp,215,,19/12/2024 04:00,"10,00",,,,700 Movs.
ESPERADOS,108,,"66.940,00",9367188,,,,TCP (UCL),"10,00",,CONTÊINERES (CONTENTORES) INCL,BREMEN BELLE,,,,,,75140,"280,54",0495652024,,LACHMANN,Imp/Exp,218,,19/12/2024 01:00,"9,00",,,,800 Movs.
ESPERADOS,109,,"100.072,00",9526954,,,,TCP (NBN),"10,00",,CONTÊINERES (CONTENTORES) INCL,MAERSK LOTA,,,,,,75139,"299,90",0526612024,,LACHMANN,Imp/Exp,218,,19/12/2024 01:00,"9,00",,,,800 Movs.
ESPERADOS,110,,"21.965,00",9293612,,,,MARCON,"8,00",,VEICULOS,TORRENS,,,,,,74995,"199,99",0543022024,,WILHELMSEN PORT SERVICE BRASIL LTDA,Imp/Exp,219,,19/12/2024 01:00,"8,30",,,,"1.000,000 Tons."
ESPERADOS,111,,"82.357,00",9942615,,,,CEU AZUL,"6,20",,"ACUCAR DE BETERRABA,EM BRUTO",PROTECTOR,,,,,,75072,"229,00",0560132024,,ORION,Exp,204,,18/12/2024 19:00,"13,10",,,,"69.000,000 Tons."
ESPERADOS,112,,"124.941,00",9619452,,,,TCP (WME),"9,80",,CONTÊINERES (CONTENTORES) INCL,MSC ARICA,,,,,,75110,"299,18",0561272024,,MSC MEDITERRANEAN SHIPPING DO BRASIL LTDA,Imp/Exp,216,,18/12/2024 18:00,"10,00",,,,1.400 Movs.
ESPERADOS,113,,"50.375,00",9292577,,,,CBL - COMPANHIA BRASILEIRA DE LOGÍSTICA,"10,00",,OLEO DIESEL,RICCA,,,,,,75127,"189,02",,,NORTH STAR,Imp,141,,18/12/2024 17:00,"8,00",,,,"17.935,000 Tons."
ESPERADOS,114,,"50.375,00",9292577,,,,CATTALINI,"12,60",,OLEO DIESEL,RICCA,,,,,,75126,"189,02",,,NORTH STAR,Imp,143,,18/12/2024 17:00,"10,00",,,,"24.948,000 Tons."
ESPERADOS,115,,"63.659,00",9919565,,,,FORTESOLO,"11,87",,DAP - Fosfato Diamonico,WISTERIA,,,,,,75058,"199,98",0559992024,,AMART,Imp,211,,18/12/2024 10:00,"9,76",,,,"16.000,000 Tons."
ESPERADOS,Imp,,"16.000,000 Tons.",,,,,,,,,18/12/2024 10:00,,,,,,AMART,,FORTESOLO,,"9,76","11,87",MAP,,,,,,,
ESPERADOS,116,,"52.219,40",9312573,,,,TCP (LXS),"10,50",,CONTÊINERES (CONTENTORES) INCL,XIN WEI HAI,,,,,,75090,"263,23",0558442024,,UNIMAR,Imp/Exp,216,,18/12/2024 08:00,"10,50",,,,500 Movs.
ESPERADOS,117,,"37.880,00",9762481,,,,ROCHA TERMINAIS PORTUARIOS E LOGISTICA S.A.,"10,65",,UREIA,MYKONOS DAWN,,,,,,74980,"181,00",0552062024,,ALPHAMAR,Imp,211,,18/12/2024 07:00,"6,00",,,,"35.200,000 Tons."
ESPERADOS,118,,"21.231,80",9491472,,,,TCP (MED),"9,50",,CONTÊINERES (CONTENTORES) INCL,ESPOIR,,,,,,75010,"168,10",0543982024,,UNIMAR,Imp/Exp,215,,17/12/2024 17:00,"9,50",,,,325 Movs.
ESPERADOS,119,,"50.392,00",9416381,,,,TRANSPETRO PGUA,"10,50",,GASOLINAS,CLARITY,,,,,,75119,"183,20",0570822024,,LACHMANN,Imp,141,,17/12/2024 12:00,"9,00",,,,"25.000,000 Tons."
ESPERADOS,120,,"38.140,00",9626015,,,,ROCHA TERMINAIS PORTUARIOS E LOGISTICA S.A.,"10,25",,"SUPERFOSFATO, MINERAIS OU QUIM",PAN BONITA,,,,,,75075,"189,00",0561052024,,AMART,Imp,208,,17/12/2024 10:00,"5,20",,,,"32.930,000 Tons."
ESPERADOS,Imp,,"32.930,000 Tons.",,,,,,,,,17/12/2024 10:00,,,,,,AMART,,ROCHA TERMINAIS PORTUARIOS E LOGISTICA S.A.,,"5,20","10,25",MAP,,,,,,,
ESPERADOS,121,,"100,00",9203320,,,,MARINHA DO BRASIL,"3,50",,PASSAGEIROS,CISNE BRANCO,,,,,,74903,"78,00",,,MARINHA DO BRASIL,Imp/Exp,113,,13/12/2024 07:00,"3,50",,,,"550,000 Tons."
ESPERADOS,122,,"100,00",9203320,,,,MARINHA DO BRASIL,"3,50",,PASSAGEIROS,CISNE BRANCO,,,,,,74879,"78,00",,,MARINHA DO BRASIL,Imp/Exp,205,,11/12/2024 07:00,"3,50",,,,"666,000 Tons."
ESPERADOS,123,,"1,00",1253625,,,,MARINHA DO BRASIL,"5,00",,PASSAGEIROS,MARACANÃ,,,,,,75100,"54,20",,,MARINHA DO BRASIL,Imp/Exp,205,,11/12/2024 07:00,"5,00",,,,45 Movs.
APOIO PORTUÁRIO / OUTROS,1,,"40.255,00",9945526,,11/12/2024 17:18,,TRANSPETRO PGUA,,,,VICTORIAN TRADER,,,,,,74913,"179,90",0526312024,,SEATRADE SERVICOS PORTUARIOS E,,299,Abastecimento,,,,,Presente,
APOIO PORTUÁRIO / OUTROS,2,,"63.611,00",9964352,,11/12/2024 14:00,,TRANSPETRO PGUA,,,,MAGELLAN ETERNITY,,,,,,75034,"199,90",0552022024,,CARGILL AGRICOLA,,299,Abastecimento,,,,,Presente,
DESPACHADOS,1,,"20.434,00",9441568,,16/12/2024 02:30,,MARCON,,,VEICULOS,HARMONY LEADER,,16/12/2024 05:35 - 16/12/2024 20:30,,,"5.000,000",75117,"199,95",0561222024,,LACHMANN,Imp/Exp,219,,,,16/12/2024 20:10,BE,,"301,000 Tons."
DESPACHADOS,2,,"34.376,00",9525950,,15/12/2024 12:00,,TCP (ZGT),,,CONTÊINERES (CONTENTORES) INCL,ALS VESTA,,,,,0,74990,"208,79",0557372024,,ZIM DO BRASIL,Imp/Exp,215,,,,16/12/2024 04:30,BB,,395 Movs.
DESPACHADOS,3,,"145.723,00",9938262,,13/12/2024 13:00,,TCP (SSA),,,CONTÊINERES (CONTENTORES) INCL,CMA CGM PARATY,,,,,0,74936,"336,00",0528902024,,UNIMAR,Imp/Exp,218,,,,15/12/2024 03:25,BB,,1.444 Movs.
DESPACHADOS,4,,"134.007,10",9778088,,14/12/2024 18:30,,TCP (IPN),,,CONTÊINERES (CONTENTORES) INCL,MSC MADHU B,,,,,0,75035,"330,00",0549472024,,MSC MEDITERRANEAN SHIPPING DO BRASIL LTDA,Imp/Exp,218,,,,17/12/2024 03:45,BB,,1.050 Movs.
DESPACHADOS,5,,"18.770,00",9701140,,14/12/2024 04:00,,ORION,,,AUTOMÓVEIS DE PASSAGEIROS E OU,GOODWOOD,,14/12/2024 08:30 - 15/12/2024 14:11,,,"5.000,000",75052,"199,97",0551952024,,UNIMAR,Imp/Exp,219,,,,15/12/2024 08:10,BE,,"4.449,000 Tons."
DESPACHADOS,6,,"51.599,00",9452139,,14/12/2024 09:00,,ROCHA TERMINAIS PORTUARIOS E LOGISTICA S.A.,,,PASTA QUIM.MADEIRA DE N/CONIF.,STAR TOSCANA,,14/12/2024 13:40 - 16/12/2024 00:28,,,"9.000,000",75039,"199,90",0550042024,,SEATRADE SERVICOS PORTUARIOS E LOGISTICOS,Exp,202,,,,15/12/2024 20:34,BE,,"13.002,000 Tons."
DESPACHADOS,7,,"130.573,00",9850836,,14/12/2024 08:30,,TCP (ESA),,,CONTÊINERES (CONTENTORES) INCL,EVER FASHION,,,,,0,74862,"333,90",0512312024,,GRIEG,Imp/Exp,216,,,,15/12/2024 08:15,BB,,581 Movs.
DESPACHADOS,8,,"44.508,00",9276688,,13/12/2024 04:00,,CATTALINI,,,OLEO DE SOJA,MARITIME TUNTIGA,,13/12/2024 14:25 - 15/12/2024 06:14,,,"8.000,000",74965,"180,07",0554772024,,CARGONAVE,Exp,144,,,,15/12/2024 11:15,BE,,"10.000,000 Tons."
DESPACHADOS,9,,"51.060,00",9227273,,11/12/2024 15:42,,TCP (SAT),,,CONTÊINERES (CONTENTORES) INCL,IRENES RESOLVE,,,,,0,74561,"257,38",0453262024,,ROCHAMAR,Imp/Exp,216,,,,16/12/2024 11:40,BE,,876 Movs.
DESPACHADOS,10,,"61.411,00",9675781,,11/12/2024 07:30,,TIBAGI,,,MILHO,CLIPPER BELLE,,13/12/2024 14:55 - 16/12/2024 03:35,,,"43.200,000",75030,"199,98",0550432024,,AGENCIA MARITIMA NAABSA,Exp,214,,,,16/12/2024 03:45,BB,,"59.000,000 Tons."
DESPACHADOS,11,,"34.564,00",9671084,,08/12/2024 18:12,,PORTO PONTA DO FELIX S/A,,,AÇÚCAR,FEDERAL COLUMBIA,,09/12/2024 10:42 - 21/12/2024 03:14,,,"2.200,000",75043,"199,98",0548532024,,FORTENAVE,Exp,113,,,,15/12/2024 06:15,BE,,"21.000,000 Tons."
DESPACHADOS,12,,"81.630,70",9595589,,07/12/2024 06:00,,ROCHA TERMINAIS PORTUARIOS E LOGISTICA S.A.,,,SOJA,CARAVOS HARMONY,,13/12/2024 03:30 - 16/12/2024 14:08,,,"44.544,000",75016,"229,00",0544622024,,ROCHAMAR,Exp,213,,,,16/12/2024 09:15,BB,,"68.670,000 Tons."
DESPACHADOS,13,,"82.025,00",9710543,,29/11/2024 01:00,,TIBAGI,,,SOJA,C FORCE,,,,,"0,000",74998,"229,00",0543482024,,CARGILL AGRICOLA,Exp,201,,,,16/12/2024 03:00,BE,,"69.300,000 Tons."
DESPACHADOS,14,,"63.925,90",9965021,,02/12/2024 17:42,,CEU AZUL,,,AÇÚCAR,VAN HANNAH,,14/12/2024 23:58 - 18/12/2024 10:13,,,"20.000,000",74932,"199,90",0530112024,,CARGONAVE,Exp,204,,,,16/12/2024 22:41,BB,,"58.350,000 Tons."
DESPACHADOS,15,,"55.840,00",9370006,,22/11/2024 11:12,,PORTO PONTA DO FELIX S/A,,,CLORETOS DE POTASSIO,KALLONE,,15/12/2024 10:06 - 21/12/2024 10:07,,,"6.000,000",74884,"189,90",0520282024,,FORTENAVE,Imp,113,,,,16/12/2024 11:10,BE,,"33.000,000 Tons."
DESPACHADOS,16,,"37.322,00",9374349,,13/11/2024 09:50,,ROCHA TERMINAIS PORTUARIOS E LOGISTICA S.A.,,,"SUPERFOSFATO, MINERAIS OU QUIM",HTK DISCOVERY,,11/12/2024 02:00 - 14/12/2024 19:47,,,"10.000,000",74781,"177,85",0508272024,,AMART,Imp,209,,,,14/12/2024 21:05,BB,,"25.122,000 Tons."
DESPACHADOS,BB,,11/12/2024 02:00 - 14/12/2024 19:47,13/11/2024 09:50,,,,,,,,FERTILIZ.MINER.QUIM.C/NITROGEN,,,,,,Imp,14/12/2024 21:05,AMART,,,"25.122,000 Tons.",ROCHA TERMINAIS PORTUARIOS E LOGISTICA S.A.,,,,,"10.000,000",,
DESPACHADOS,17,,"37.568,50",9971874,,12/11/2024 00:15,,FORTESOLO,,,CLORETOS DE POTASSIO,POLSTEAM LEBSKO,,11/12/2024 07:00 - 14/12/2024 21:30,,,"5.865,400",74834,"199,96",0505932024,,AMART,Imp,208,,,,15/12/2024 07:15,BE,,"15.198,000 Tons."
DESPACHADOS,BE,,11/12/2024 07:00 - 15/12/2024 20:02,12/11/2024 00:15,,,,,,,,CLORETOS DE POTASSIO,,,,,,Imp,15/12/2024 07:15,AMART,,,"5.531,000 Tons.",ROCHA TERMINAIS PORTUARIOS E LOGISTICA S.A.,,,,,"2.134,592",,
DESPACHADOS,18,,"84.434,00",9883845,,04/11/2024 17:18,,FOSPAR,,,SULFATO DE AMONIO,TAI KNIGHTHOOD,,09/12/2024 18:36 - 22/12/2024 20:12,,,"6.000,000",74734,"229,00",0489992024,,ORION,Imp,200,,,,17/12/2024 11:09,BB,,"74.740,000 Tons."
DESPACHADOS,BB,,09/12/2024 18:36 - 22/12/2024 20:12,04/11/2024 17:18,,,,,,,,FERTILIZ.MINER.QUIM.C/NITROGEN,,,,,,Imp,17/12/2024 11:09,ORION,,,"74.740,000 Tons.",FOSPAR,,,,,"6.000,000",,
DESPACHADOS,19,,"81.966,00",9737606,,29/10/2024 08:36,,CEU AZUL,,,AÇÚCAR,LAGUNA SECA,,12/12/2024 19:05 - 17/12/2024 01:07,,,"20.000,000",74672,"229,00",0472482024,,ROCHAMAR,Exp,204,,,,14/12/2024 22:40,BB,,"65.000,000 Tons."
