PROGRAMAÇÃO,EMBARCAÇÃO,AGENTE,ETA,CHEGADA,ATRACAÇÃO,DESATRACAÇÃO,STATUS,MERCADORIA,QUANTIDADE (T),CLIENTE,OPERADOR,Berco
4485,BERTOLINI CXL VIII,CARGILL - SANTAREM,23/06/2024 12:00,23/06/2024 18:00,23/06/2024 12:00,,Confirmado,,,,,"                          BERÇO CDP - BERÇO PÚBLICO (101) - PIER/EXTERNO-LOA / CALADO MÁXIMO 0,00m / 11,75m                          BERTH -LOA / MAXIMUM DRAFT 0,00m / 11,75m                      "
4589,CARGILL CACHARA,CARGILL - SANTAREM,01/07/2024 10:30,01/07/2024 18:00,01/07/2024 10:30,,Confirmado,,,,,"                          BERÇO CDP - BERÇO PÚBLICO (101) - PIER/EXTERNO-LOA / CALADO MÁXIMO 0,00m / 11,75m                          BERTH -LOA / MAXIMUM DRAFT 0,00m / 11,75m                      "
6081,BERTUOL X,PORTO FACIL,28/09/2024 16:00,28/09/2024 17:00,28/09/2024 16:10,,Confirmado,"Adubos (fertilizantes) minerais ou químicos, nitrogenados (azotados).","3.300,000",,BERTUOL - SORRISO/MT,"                          BERÇO CDP - BERÇO PÚBLICO (101) - PIER/EXTERNO-LOA / CALADO MÁXIMO 0,00m / 11,75m                          BERTH -LOA / MAXIMUM DRAFT 0,00m / 11,75m                      "
6298,Aviso Hidroceanográfico Fluvial Rio Xingu,MARINHA,18/10/2024 18:00,21/10/2024 18:00,18/10/2024 18:05,,Confirmado,,,,,"                          BERÇO CDP - BERÇO PÚBLICO (101) - PIER/EXTERNO-LOA / CALADO MÁXIMO 0,00m / 11,75m                          BERTH -LOA / MAXIMUM DRAFT 0,00m / 11,75m                      "
1493,BERTUOL XIII,SERVEPORTO - SANTARÉM,21/11/2023 10:00,21/11/2023 22:00,22/11/2023 19:40,,Confirmado,"Adubos (fertilizantes) minerais ou químicos, fosfatados.","2.649,580",,FERTITEX SANTAREM,"                          BERÇO CDP - BERÇO PÚBLICO (101) - PIER/EXTERNO-LOA / CALADO MÁXIMO 0,00m / 11,75m                          BERTH -LOA / MAXIMUM DRAFT 0,00m / 11,75m                      "
3916,BERTOLINI CXL VIII,CARGILL - SANTAREM,13/05/2024 11:00,13/05/2024 17:00,13/05/2024 11:01,,Confirmado,,,,,"                          BERÇO CDP - BERÇO PÚBLICO (101) - PIER/EXTERNO-LOA / CALADO MÁXIMO 0,00m / 11,75m                          BERTH -LOA / MAXIMUM DRAFT 0,00m / 11,75m                      "
4522,CARGILL XXIV,CARGILL - SANTAREM,24/06/2024 17:00,24/06/2024 20:00,24/06/2024 17:05,,Atracado,,,,,"                          BERÇO CDP - BERÇO PÚBLICO (101) - PIER/EXTERNO-LOA / CALADO MÁXIMO 0,00m / 11,75m                          BERTH -LOA / MAXIMUM DRAFT 0,00m / 11,75m                      "
4697,NAVEGRÃOS XXVII,SERVEPORTO - SANTARÉM,08/07/2024 20:00,08/07/2024 21:00,09/07/2024 21:22,,Atracado,"Soja, mesmo triturada.","1.651,410",,FERTITEX SANTAREM,"                          BERÇO CDP - BERÇO PÚBLICO (101) - PIER/EXTERNO-LOA / CALADO MÁXIMO 0,00m / 11,75m                          BERTH -LOA / MAXIMUM DRAFT 0,00m / 11,75m                      "
4698,UNIGRAOS I,SERVEPORTO - SANTARÉM,08/07/2024 20:00,08/07/2024 21:00,14/07/2024 12:24,,Atracado,"Soja, mesmo triturada.","1.617,780",,FERTITEX SANTAREM,"                          BERÇO CDP - BERÇO PÚBLICO (101) - PIER/EXTERNO-LOA / CALADO MÁXIMO 0,00m / 11,75m                          BERTH -LOA / MAXIMUM DRAFT 0,00m / 11,75m                      "
5916,NG 19,CIDADE TRANSPORTES,17/09/2024 06:00,17/09/2024 13:00,17/09/2024 21:50,,Atracado,"Soja, mesmo triturada.","2.000,000",,FERTITEX SANTAREM,"                          BERÇO CDP - BERÇO PÚBLICO (101) - PIER/EXTERNO-LOA / CALADO MÁXIMO 0,00m / 11,75m                          BERTH -LOA / MAXIMUM DRAFT 0,00m / 11,75m                      "
5915,NG 20,CIDADE TRANSPORTES,17/09/2024 06:00,17/09/2024 13:00,19/09/2024 04:05,,Atracado,"Soja, mesmo triturada.","2.000,000",,FERTITEX SANTAREM,"                          BERÇO CDP - BERÇO PÚBLICO (101) - PIER/EXTERNO-LOA / CALADO MÁXIMO 0,00m / 11,75m                          BERTH -LOA / MAXIMUM DRAFT 0,00m / 11,75m                      "
6802,POLLUX II,WILSON SONS SERVIÇOS MARITIMOS (SANTARÉM),29/11/2024 07:00,29/11/2024 18:00,29/11/2024 09:14,,Atracado,,,,,"                          BERÇO CDP - BERÇO PÚBLICO (101) - PIER/EXTERNO-LOA / CALADO MÁXIMO 0,00m / 11,75m                          BERTH -LOA / MAXIMUM DRAFT 0,00m / 11,75m                      "
6456,ABRAHAM M,ORION RODOS MARITIMA,28/11/2024 00:00,03/12/2024 00:00,11/12/2024 00:55,,Atracado,"Adubos (fertilizantes) minerais ou químicos, nitrogenados (azotados).","30.363,759",,FERTITEX SANTAREM,"                          BERÇO CDP - BERÇO PÚBLICO (101) - PIER/EXTERNO-LOA / CALADO MÁXIMO 0,00m / 11,75m                          BERTH -LOA / MAXIMUM DRAFT 0,00m / 11,75m                      "
6855,NAVIO AUXILIAR PARÁ,MARINHA,06/12/2024 15:00,10/12/2024 17:00,05/12/2024 15:01,,Atracado,,,,,"                          BERÇO CDP - BERÇO PÚBLICO (101) - PIER/EXTERNO-LOA / CALADO MÁXIMO 0,00m / 11,75m                          BERTH -LOA / MAXIMUM DRAFT 0,00m / 11,75m                      "
5223,LDC AMAZONAS,CARGILL - SANTAREM,05/08/2024 14:00,05/08/2024 19:00,05/08/2024 15:00,,Confirmado,,,,,"                          BERÇO CDP - BERÇO PÚBLICO (102) - PIER/INTERNO-LOA / CALADO MÁXIMO 0,00m / 11,75m                          BERTH -LOA / MAXIMUM DRAFT 0,00m / 11,75m                      "
5738,LDC AMAZONAS,CARGILL - SANTAREM,04/09/2024 07:00,04/09/2024 13:00,04/09/2024 07:00,,Confirmado,"Águas, incluindo as águas minerais, naturais ou artificiais, e as águas gaseificadas, não adicionada","15,000",,COMPANHIA DOCAS DO PARA (CDP) SANTARÉM,"                          BERÇO CDP - BERÇO PÚBLICO (102) - PIER/INTERNO-LOA / CALADO MÁXIMO 0,00m / 11,75m                          BERTH -LOA / MAXIMUM DRAFT 0,00m / 11,75m                      "
6432,POLLUX II,WILSON SONS SERVIÇOS MARITIMOS (SANTARÉM),01/11/2024 14:36,01/11/2024 16:00,01/11/2024 14:36,,Confirmado,,,,,"                          BERÇO CDP - BERÇO PÚBLICO (102) - PIER/INTERNO-LOA / CALADO MÁXIMO 0,00m / 11,75m                          BERTH -LOA / MAXIMUM DRAFT 0,00m / 11,75m                      "
6676,LDC GUAMA,PORTO FACIL,17/12/2024 07:00,17/12/2024 08:30,17/12/2024 07:10,,Confirmado,,,,,"                          BERÇO CDP - BERÇO PÚBLICO (102) - PIER/INTERNO-LOA / CALADO MÁXIMO 0,00m / 11,75m                          BERTH -LOA / MAXIMUM DRAFT 0,00m / 11,75m                      "
7028,POLLUX II,WILSON SONS SERVIÇOS MARITIMOS (SANTARÉM),11/12/2024 13:00,11/12/2024 17:00,11/12/2024 13:10,,Confirmado,,,,,"                          BERÇO CDP - BERÇO PÚBLICO (102) - PIER/INTERNO-LOA / CALADO MÁXIMO 0,00m / 11,75m                          BERTH -LOA / MAXIMUM DRAFT 0,00m / 11,75m                      "
7069,LDC CAPIM,PORTO FACIL,17/12/2024 08:00,17/12/2024 09:30,17/12/2024 08:10,,Confirmado,,,,,"                          BERÇO CDP - BERÇO PÚBLICO (102) - PIER/INTERNO-LOA / CALADO MÁXIMO 0,00m / 11,75m                          BERTH -LOA / MAXIMUM DRAFT 0,00m / 11,75m                      "
6778,S/N ARARUAMA,SULNORTE SERVICOS,01/12/2024 11:50,31/12/2024 23:59,02/12/2024 05:30,,Atracado,,,,,"                          BERÇO CDP - BERÇO PÚBLICO (102) - PIER/INTERNO-LOA / CALADO MÁXIMO 0,00m / 11,75m                          BERTH -LOA / MAXIMUM DRAFT 0,00m / 11,75m                      "
6563,NAVEGRÃOS LVI,CIDADE TRANSPORTES,14/11/2024 18:00,14/11/2024 23:00,14/11/2024 18:30,,Confirmado,"Adubos (fertilizantes) de origem animal ou vegetal, mesmo misturados entre si ou tratados quimicamen","2.000,000",,MASTER NORTE (SANTAREM),"                          BERÇO CDP - BERÇO PÚBLICO (201) - DOLFINS/EXTERNO-LOA / CALADO MÁXIMO 0,00m / 11,75m                          BERTH -LOA / MAXIMUM DRAFT 0,00m / 11,75m                      "
6604,NAVEGRÃOS I,PORTO FACIL,15/11/2024 19:00,15/11/2024 20:00,15/11/2024 19:10,,Confirmado,"Adubos (fertilizantes) minerais ou químicos, nitrogenados (azotados).","3.300,000",,FERTITEX SANTAREM,"                          BERÇO CDP - BERÇO PÚBLICO (201) - DOLFINS/EXTERNO-LOA / CALADO MÁXIMO 0,00m / 11,75m                          BERTH -LOA / MAXIMUM DRAFT 0,00m / 11,75m                      "
6610,NG 15,PORTO FACIL,15/11/2024 19:00,15/11/2024 20:00,15/11/2024 19:10,,Confirmado,"Adubos (fertilizantes) minerais ou químicos, nitrogenados (azotados).","3.300,000",,FERTITEX SANTAREM,"                          BERÇO CDP - BERÇO PÚBLICO (201) - DOLFINS/EXTERNO-LOA / CALADO MÁXIMO 0,00m / 11,75m                          BERTH -LOA / MAXIMUM DRAFT 0,00m / 11,75m                      "
6612,NAVEGRÃOS XXVIII,PORTO FACIL,15/11/2024 19:00,15/11/2024 20:00,15/11/2024 19:10,,Confirmado,"Adubos (fertilizantes) minerais ou químicos, nitrogenados (azotados).","3.300,000",,FERTITEX SANTAREM,"                          BERÇO CDP - BERÇO PÚBLICO (201) - DOLFINS/EXTERNO-LOA / CALADO MÁXIMO 0,00m / 11,75m                          BERTH -LOA / MAXIMUM DRAFT 0,00m / 11,75m                      "
6704,BERTUOL VIII,PORTO FACIL,21/11/2024 18:00,21/11/2024 19:00,21/11/2024 18:10,,Confirmado,"Adubos (fertilizantes) minerais ou químicos, nitrogenados (azotados).","3.300,000",,BERTUOL - SORRISO/MT,"                          BERÇO CDP - BERÇO PÚBLICO (201) - DOLFINS/EXTERNO-LOA / CALADO MÁXIMO 0,00m / 11,75m                          BERTH -LOA / MAXIMUM DRAFT 0,00m / 11,75m                      "
6705,BERTUOL 16,PORTO FACIL,21/11/2024 18:00,21/11/2024 19:00,21/11/2024 18:10,,Confirmado,"Adubos (fertilizantes) minerais ou químicos, nitrogenados (azotados).","3.300,000",,BERTUOL - SORRISO/MT,"                          BERÇO CDP - BERÇO PÚBLICO (201) - DOLFINS/EXTERNO-LOA / CALADO MÁXIMO 0,00m / 11,75m                          BERTH -LOA / MAXIMUM DRAFT 0,00m / 11,75m                      "
6706,BERTUOL 18,PORTO FACIL,21/11/2024 18:00,21/11/2024 19:00,21/11/2024 18:10,,Confirmado,"Adubos (fertilizantes) minerais ou químicos, nitrogenados (azotados).","3.300,000",,BERTUOL - SORRISO/MT,"                          BERÇO CDP - BERÇO PÚBLICO (201) - DOLFINS/EXTERNO-LOA / CALADO MÁXIMO 0,00m / 11,75m                          BERTH -LOA / MAXIMUM DRAFT 0,00m / 11,75m                      "
6707,BERTUOL 23,PORTO FACIL,21/11/2024 18:00,21/11/2024 19:00,21/11/2024 18:10,,Confirmado,"Adubos (fertilizantes) minerais ou químicos, nitrogenados (azotados).","3.300,000",,BERTUOL - SORRISO/MT,"                          BERÇO CDP - BERÇO PÚBLICO (201) - DOLFINS/EXTERNO-LOA / CALADO MÁXIMO 0,00m / 11,75m                          BERTH -LOA / MAXIMUM DRAFT 0,00m / 11,75m                      "
6708,BERTUOL 24,PORTO FACIL,21/11/2024 18:00,21/11/2024 19:00,21/11/2024 18:10,,Confirmado,"Adubos (fertilizantes) minerais ou químicos, nitrogenados (azotados).","3.300,000",,BERTUOL - SORRISO/MT,"                          BERÇO CDP - BERÇO PÚBLICO (201) - DOLFINS/EXTERNO-LOA / CALADO MÁXIMO 0,00m / 11,75m                          BERTH -LOA / MAXIMUM DRAFT 0,00m / 11,75m                      "
6709,BERTUOL VII,PORTO FACIL,21/11/2024 18:00,21/11/2024 19:00,21/11/2024 18:10,,Confirmado,"Adubos (fertilizantes) minerais ou químicos, nitrogenados (azotados).","3.300,000",,BERTUOL - SORRISO/MT,"                          BERÇO CDP - BERÇO PÚBLICO (201) - DOLFINS/EXTERNO-LOA / CALADO MÁXIMO 0,00m / 11,75m                          BERTH -LOA / MAXIMUM DRAFT 0,00m / 11,75m                      "
7065,BERTUOL 16,PORTO FACIL,15/12/2024 20:00,15/12/2024 21:00,15/12/2024 20:10,,Confirmado,"Adubos (fertilizantes) minerais ou químicos, nitrogenados (azotados).","3.300,000",,BERTUOL - SORRISO/MT,"                          BERÇO CDP - BERÇO PÚBLICO (201) - DOLFINS/EXTERNO-LOA / CALADO MÁXIMO 0,00m / 11,75m                          BERTH -LOA / MAXIMUM DRAFT 0,00m / 11,75m                      "
7066,BERTUOL 19,PORTO FACIL,15/12/2024 20:00,15/12/2024 21:00,15/12/2024 20:10,,Confirmado,"Adubos (fertilizantes) minerais ou químicos, nitrogenados (azotados).","3.300,000",,BERTUOL - SORRISO/MT,"                          BERÇO CDP - BERÇO PÚBLICO (201) - DOLFINS/EXTERNO-LOA / CALADO MÁXIMO 0,00m / 11,75m                          BERTH -LOA / MAXIMUM DRAFT 0,00m / 11,75m                      "
7067,BERTUOL 21,PORTO FACIL,15/12/2024 20:00,15/12/2024 21:00,15/12/2024 20:10,,Confirmado,"Adubos (fertilizantes) minerais ou químicos, nitrogenados (azotados).","3.300,000",,BERTUOL - SORRISO/MT,"                          BERÇO CDP - BERÇO PÚBLICO (201) - DOLFINS/EXTERNO-LOA / CALADO MÁXIMO 0,00m / 11,75m                          BERTH -LOA / MAXIMUM DRAFT 0,00m / 11,75m                      "
7068,BERTUOL IX,PORTO FACIL,15/12/2024 20:00,15/12/2024 21:00,15/12/2024 20:10,,Confirmado,"Adubos (fertilizantes) minerais ou químicos, nitrogenados (azotados).","3.300,000",,BERTUOL - SORRISO/MT,"                          BERÇO CDP - BERÇO PÚBLICO (201) - DOLFINS/EXTERNO-LOA / CALADO MÁXIMO 0,00m / 11,75m                          BERTH -LOA / MAXIMUM DRAFT 0,00m / 11,75m                      "
3917,BERTOLINI XXX,CARGILL - SANTAREM,13/05/2024 18:45,13/05/2024 20:15,13/05/2024 18:46,,Confirmado,,,,,"                          BERÇO CDP - BERÇO PÚBLICO (201) - DOLFINS/EXTERNO-LOA / CALADO MÁXIMO 0,00m / 11,75m                          BERTH -LOA / MAXIMUM DRAFT 0,00m / 11,75m                      "
6026,NAVEGRAOS LXVIII,CIDADE TRANSPORTES,26/09/2024 07:00,26/09/2024 14:00,25/09/2024 23:10,,Atracado,"Adubos (fertilizantes) de origem animal ou vegetal, mesmo misturados entre si ou tratados quimicamen","2.000,000",,MASTER NORTE (SANTAREM),"                          BERÇO CDP - BERÇO PÚBLICO (201) - DOLFINS/EXTERNO-LOA / CALADO MÁXIMO 0,00m / 11,75m                          BERTH -LOA / MAXIMUM DRAFT 0,00m / 11,75m                      "
6529,NAVEGRAOS LXVII,CIDADE TRANSPORTES,13/11/2024 07:00,13/11/2024 14:00,12/11/2024 17:05,,Atracado,"Adubos (fertilizantes) de origem animal ou vegetal, mesmo misturados entre si ou tratados quimicamen","2.000,000",,MASTER NORTE (SANTAREM),"                          BERÇO CDP - BERÇO PÚBLICO (201) - DOLFINS/EXTERNO-LOA / CALADO MÁXIMO 0,00m / 11,75m                          BERTH -LOA / MAXIMUM DRAFT 0,00m / 11,75m                      "
6530,NG 05,CIDADE TRANSPORTES,13/11/2024 07:00,13/11/2024 14:00,12/11/2024 22:30,,Atracado,"Adubos (fertilizantes) de origem animal ou vegetal, mesmo misturados entre si ou tratados quimicamen","2.000,000",,MASTER NORTE (SANTAREM),"                          BERÇO CDP - BERÇO PÚBLICO (201) - DOLFINS/EXTERNO-LOA / CALADO MÁXIMO 0,00m / 11,75m                          BERTH -LOA / MAXIMUM DRAFT 0,00m / 11,75m                      "
6533,NAVEGRÃOS LXVIII,CIDADE TRANSPORTES,13/11/2024 07:00,13/11/2024 14:00,13/11/2024 04:10,,Atracado,"Adubos (fertilizantes) de origem animal ou vegetal, mesmo misturados entre si ou tratados quimicamen","2.000,000",,MASTER NORTE (SANTAREM),"                          BERÇO CDP - BERÇO PÚBLICO (201) - DOLFINS/EXTERNO-LOA / CALADO MÁXIMO 0,00m / 11,75m                          BERTH -LOA / MAXIMUM DRAFT 0,00m / 11,75m                      "
6536,NAVEGRÃOS LVII,CIDADE TRANSPORTES,13/11/2024 07:00,13/11/2024 14:00,13/11/2024 09:20,,Atracado,"Adubos (fertilizantes) de origem animal ou vegetal, mesmo misturados entre si ou tratados quimicamen","2.000,000",,MASTER NORTE (SANTAREM),"                          BERÇO CDP - BERÇO PÚBLICO (201) - DOLFINS/EXTERNO-LOA / CALADO MÁXIMO 0,00m / 11,75m                          BERTH -LOA / MAXIMUM DRAFT 0,00m / 11,75m                      "
6534,VDA CI,CIDADE TRANSPORTES,13/11/2024 07:00,13/11/2024 14:00,13/11/2024 13:50,,Atracado,"Adubos (fertilizantes) de origem animal ou vegetal, mesmo misturados entre si ou tratados quimicamen","2.000,000",,MASTER NORTE (SANTAREM),"                          BERÇO CDP - BERÇO PÚBLICO (201) - DOLFINS/EXTERNO-LOA / CALADO MÁXIMO 0,00m / 11,75m                          BERTH -LOA / MAXIMUM DRAFT 0,00m / 11,75m                      "
6537,NG 10,CIDADE TRANSPORTES,13/11/2024 07:00,13/11/2024 14:00,13/11/2024 17:15,,Atracado,"Adubos (fertilizantes) de origem animal ou vegetal, mesmo misturados entre si ou tratados quimicamen","2.000,000",,MASTER NORTE (SANTAREM),"                          BERÇO CDP - BERÇO PÚBLICO (201) - DOLFINS/EXTERNO-LOA / CALADO MÁXIMO 0,00m / 11,75m                          BERTH -LOA / MAXIMUM DRAFT 0,00m / 11,75m                      "
6532,NG 07,CIDADE TRANSPORTES,13/11/2024 07:00,13/11/2024 14:00,13/11/2024 21:55,,Atracado,"Adubos (fertilizantes) de origem animal ou vegetal, mesmo misturados entre si ou tratados quimicamen","2.000,000",,MASTER NORTE (SANTAREM),"                          BERÇO CDP - BERÇO PÚBLICO (201) - DOLFINS/EXTERNO-LOA / CALADO MÁXIMO 0,00m / 11,75m                          BERTH -LOA / MAXIMUM DRAFT 0,00m / 11,75m                      "
6535,TFL I,CIDADE TRANSPORTES,13/11/2024 07:00,13/11/2024 14:00,14/11/2024 02:50,,Atracado,"Adubos (fertilizantes) de origem animal ou vegetal, mesmo misturados entre si ou tratados quimicamen","2.000,000",,MASTER NORTE (SANTAREM),"                          BERÇO CDP - BERÇO PÚBLICO (201) - DOLFINS/EXTERNO-LOA / CALADO MÁXIMO 0,00m / 11,75m                          BERTH -LOA / MAXIMUM DRAFT 0,00m / 11,75m                      "
6531,NG 08,CIDADE TRANSPORTES,13/11/2024 07:00,13/11/2024 14:00,14/11/2024 07:05,,Atracado,"Adubos (fertilizantes) de origem animal ou vegetal, mesmo misturados entre si ou tratados quimicamen","2.000,000",,MASTER NORTE (SANTAREM),"                          BERÇO CDP - BERÇO PÚBLICO (201) - DOLFINS/EXTERNO-LOA / CALADO MÁXIMO 0,00m / 11,75m                          BERTH -LOA / MAXIMUM DRAFT 0,00m / 11,75m                      "
6560,VDA CII,CIDADE TRANSPORTES,14/11/2024 18:00,14/11/2024 23:00,14/11/2024 12:00,,Atracado,"Adubos (fertilizantes) de origem animal ou vegetal, mesmo misturados entre si ou tratados quimicamen","2.000,000",,MASTER NORTE (SANTAREM),"                          BERÇO CDP - BERÇO PÚBLICO (201) - DOLFINS/EXTERNO-LOA / CALADO MÁXIMO 0,00m / 11,75m                          BERTH -LOA / MAXIMUM DRAFT 0,00m / 11,75m                      "
6561,VDA CIII,CIDADE TRANSPORTES,14/11/2024 18:00,14/11/2024 23:00,14/11/2024 17:25,,Atracado,"Adubos (fertilizantes) de origem animal ou vegetal, mesmo misturados entre si ou tratados quimicamen","2.000,000",,MASTER NORTE (SANTAREM),"                          BERÇO CDP - BERÇO PÚBLICO (201) - DOLFINS/EXTERNO-LOA / CALADO MÁXIMO 0,00m / 11,75m                          BERTH -LOA / MAXIMUM DRAFT 0,00m / 11,75m                      "
6558,NAVEGRÃOS LXIX,CIDADE TRANSPORTES,14/11/2024 18:00,14/11/2024 23:00,15/11/2024 00:05,,Atracado,"Adubos (fertilizantes) de origem animal ou vegetal, mesmo misturados entre si ou tratados quimicamen","2.000,000",,MASTER NORTE (SANTAREM),"                          BERÇO CDP - BERÇO PÚBLICO (201) - DOLFINS/EXTERNO-LOA / CALADO MÁXIMO 0,00m / 11,75m                          BERTH -LOA / MAXIMUM DRAFT 0,00m / 11,75m                      "
6562,NAVEGRÃOS LX,CIDADE TRANSPORTES,14/11/2024 18:00,14/11/2024 23:00,15/11/2024 06:30,,Atracado,"Adubos (fertilizantes) de origem animal ou vegetal, mesmo misturados entre si ou tratados quimicamen","2.000,000",,MASTER NORTE (SANTAREM),"                          BERÇO CDP - BERÇO PÚBLICO (201) - DOLFINS/EXTERNO-LOA / CALADO MÁXIMO 0,00m / 11,75m                          BERTH -LOA / MAXIMUM DRAFT 0,00m / 11,75m                      "
6559,NAVEGRÃOS LVIII,CIDADE TRANSPORTES,14/11/2024 18:00,14/11/2024 23:00,15/11/2024 11:50,,Atracado,"Adubos (fertilizantes) de origem animal ou vegetal, mesmo misturados entre si ou tratados quimicamen","2.000,000",,MASTER NORTE (SANTAREM),"                          BERÇO CDP - BERÇO PÚBLICO (201) - DOLFINS/EXTERNO-LOA / CALADO MÁXIMO 0,00m / 11,75m                          BERTH -LOA / MAXIMUM DRAFT 0,00m / 11,75m                      "
6585,NAVEGRÃOS LXVI,CIDADE TRANSPORTES,15/11/2024 10:30,15/11/2024 15:00,15/11/2024 17:05,,Atracado,"Adubos (fertilizantes) de origem animal ou vegetal, mesmo misturados entre si ou tratados quimicamen","2.000,000",,MASTER NORTE (SANTAREM),"                          BERÇO CDP - BERÇO PÚBLICO (201) - DOLFINS/EXTERNO-LOA / CALADO MÁXIMO 0,00m / 11,75m                          BERTH -LOA / MAXIMUM DRAFT 0,00m / 11,75m                      "
6554,NG 20,CIDADE TRANSPORTES,13/11/2024 18:00,13/11/2024 23:00,24/11/2024 08:55,,Atracado,"Adubos (fertilizantes) de origem animal ou vegetal, mesmo misturados entre si ou tratados quimicamen","2.000,000",,MASTER NORTE (SANTAREM),"                          BERÇO CDP - BERÇO PÚBLICO (201) - DOLFINS/EXTERNO-LOA / CALADO MÁXIMO 0,00m / 11,75m                          BERTH -LOA / MAXIMUM DRAFT 0,00m / 11,75m                      "
7032,CT 84,CIDADE TRANSPORTES,12/12/2024 12:30,12/12/2024 23:00,08/12/2024 02:40,,Atracado,,,,,"                          BERÇO CDP - BERÇO PÚBLICO (201) - DOLFINS/EXTERNO-LOA / CALADO MÁXIMO 0,00m / 11,75m                          BERTH -LOA / MAXIMUM DRAFT 0,00m / 11,75m                      "
6943,VDA CI,CIDADE TRANSPORTES,04/12/2024 16:00,04/12/2024 23:00,10/12/2024 01:55,,Atracado,"Adubos (fertilizantes) de origem animal ou vegetal, mesmo misturados entre si ou tratados quimicamen","2.000,000",,MASTER NORTE (SANTAREM),"                          BERÇO CDP - BERÇO PÚBLICO (201) - DOLFINS/EXTERNO-LOA / CALADO MÁXIMO 0,00m / 11,75m                          BERTH -LOA / MAXIMUM DRAFT 0,00m / 11,75m                      "
6957,NAVEGRÃOS LVIII,CIDADE TRANSPORTES,05/12/2024 18:00,05/12/2024 23:00,10/12/2024 16:35,,Atracado,"Adubos (fertilizantes) de origem animal ou vegetal, mesmo misturados entre si ou tratados quimicamen","2.000,000",,MASTER NORTE (SANTAREM),"                          BERÇO CDP - BERÇO PÚBLICO (201) - DOLFINS/EXTERNO-LOA / CALADO MÁXIMO 0,00m / 11,75m                          BERTH -LOA / MAXIMUM DRAFT 0,00m / 11,75m                      "
6944,NG 08,CIDADE TRANSPORTES,04/12/2024 16:00,04/12/2024 23:00,10/12/2024 22:10,,Atracado,"Adubos (fertilizantes) de origem animal ou vegetal, mesmo misturados entre si ou tratados quimicamen","2.000,000",,MASTER NORTE (SANTAREM),"                          BERÇO CDP - BERÇO PÚBLICO (201) - DOLFINS/EXTERNO-LOA / CALADO MÁXIMO 0,00m / 11,75m                          BERTH -LOA / MAXIMUM DRAFT 0,00m / 11,75m                      "
6959,NAVEGRAOS LXVIII,CIDADE TRANSPORTES,05/12/2024 18:00,05/12/2024 23:00,11/12/2024 13:00,,Atracado,"Adubos (fertilizantes) de origem animal ou vegetal, mesmo misturados entre si ou tratados quimicamen","2.000,000",,MASTER NORTE (SANTAREM),"                          BERÇO CDP - BERÇO PÚBLICO (201) - DOLFINS/EXTERNO-LOA / CALADO MÁXIMO 0,00m / 11,75m                          BERTH -LOA / MAXIMUM DRAFT 0,00m / 11,75m                      "
6948,NAVEGRÃOS LVII,CIDADE TRANSPORTES,04/12/2024 16:00,04/12/2024 23:00,11/12/2024 17:25,,Atracado,"Adubos (fertilizantes) de origem animal ou vegetal, mesmo misturados entre si ou tratados quimicamen","2.000,000",,MASTER NORTE (SANTAREM),"                          BERÇO CDP - BERÇO PÚBLICO (201) - DOLFINS/EXTERNO-LOA / CALADO MÁXIMO 0,00m / 11,75m                          BERTH -LOA / MAXIMUM DRAFT 0,00m / 11,75m                      "
7010,NG 28,CIDADE TRANSPORTES,09/12/2024 14:00,09/12/2024 21:00,11/12/2024 22:40,,Atracado,"Adubos (fertilizantes) de origem animal ou vegetal, mesmo misturados entre si ou tratados quimicamen","2.000,000",,MASTER NORTE (SANTAREM),"                          BERÇO CDP - BERÇO PÚBLICO (201) - DOLFINS/EXTERNO-LOA / CALADO MÁXIMO 0,00m / 11,75m                          BERTH -LOA / MAXIMUM DRAFT 0,00m / 11,75m                      "
7008,VDA CII,CIDADE TRANSPORTES,09/12/2024 14:00,09/12/2024 21:00,12/12/2024 04:35,,Atracado,"Adubos (fertilizantes) de origem animal ou vegetal, mesmo misturados entre si ou tratados quimicamen","2.000,000",,MASTER NORTE (SANTAREM),"                          BERÇO CDP - BERÇO PÚBLICO (201) - DOLFINS/EXTERNO-LOA / CALADO MÁXIMO 0,00m / 11,75m                          BERTH -LOA / MAXIMUM DRAFT 0,00m / 11,75m                      "
7009,VDA CIII,CIDADE TRANSPORTES,09/12/2024 14:00,09/12/2024 21:00,12/12/2024 11:00,,Atracado,"Adubos (fertilizantes) de origem animal ou vegetal, mesmo misturados entre si ou tratados quimicamen","2.000,000",,MASTER NORTE (SANTAREM),"                          BERÇO CDP - BERÇO PÚBLICO (201) - DOLFINS/EXTERNO-LOA / CALADO MÁXIMO 0,00m / 11,75m                          BERTH -LOA / MAXIMUM DRAFT 0,00m / 11,75m                      "
7033,NG 04,CIDADE TRANSPORTES,12/12/2024 12:40,12/12/2024 23:00,12/12/2024 16:25,,Atracado,"Adubos (fertilizantes) de origem animal ou vegetal, mesmo misturados entre si ou tratados quimicamen","2.000,000",,MASTER NORTE (SANTAREM),"                          BERÇO CDP - BERÇO PÚBLICO (201) - DOLFINS/EXTERNO-LOA / CALADO MÁXIMO 0,00m / 11,75m                          BERTH -LOA / MAXIMUM DRAFT 0,00m / 11,75m                      "
6837,BARRACUDA ISLAND,SERVEPORTO - SANTARÉM,14/12/2024 20:00,16/12/2024 20:00,15/12/2024 18:30,,Atracado,"Adubos (fertilizantes) minerais ou químicos, potássicos.","9.682,487",,BERTUOL - SORRISO/MT,"                          BERÇO CDP - BERÇO PÚBLICO (201) - DOLFINS/EXTERNO-LOA / CALADO MÁXIMO 0,00m / 11,75m                          BERTH -LOA / MAXIMUM DRAFT 0,00m / 11,75m                      "
"Adubos (fertilizantes) minerais ou químicos, potássicos.","7.800,000",,MASTER NORTE (SANTAREM),,,,,,,,,"                          BERÇO CDP - BERÇO PÚBLICO (201) - DOLFINS/EXTERNO-LOA / CALADO MÁXIMO 0,00m / 11,75m                          BERTH -LOA / MAXIMUM DRAFT 0,00m / 11,75m                      "
7027,ARCO NORTE 119,CARGILL - SANTAREM,11/12/2024 09:10,11/12/2024 12:30,11/12/2024 10:10,,Confirmado,Milho.,"1.840,520",,CARGILL - SANTAREM,"                          BERÇO CARGIL - BERÇO ARRENDADO (402) - INTERNO-LOA / CALADO MÁXIMO 0,00m / 11,75m                          BERTH -LOA / MAXIMUM DRAFT 0,00m / 11,75m                      "
6919,BERTOLINI CDXXI,CARGILL - SANTAREM,03/12/2024 17:00,03/12/2024 20:30,21/11/2024 17:20,,Atracado,Milho.,"1.076,445",,CARGILL - SANTAREM,"                          BERÇO CARGIL - BERÇO ARRENDADO (402) - INTERNO-LOA / CALADO MÁXIMO 0,00m / 11,75m                          BERTH -LOA / MAXIMUM DRAFT 0,00m / 11,75m                      "
6844,ARCO NORTE 140,CARGILL - SANTAREM,02/12/2024 19:10,02/12/2024 23:10,29/11/2024 11:07,,Atracado,Milho.,"1.846,780",,CARGILL - SANTAREM,"                          BERÇO CARGIL - BERÇO ARRENDADO (402) - INTERNO-LOA / CALADO MÁXIMO 0,00m / 11,75m                          BERTH -LOA / MAXIMUM DRAFT 0,00m / 11,75m                      "
5813,CARGILL XXIV,CARGILL - SANTAREM,05/09/2024 10:00,05/09/2024 15:00,05/09/2024 10:10,,Confirmado,,,,,"                          BERÇO CDP - BERÇO PÚBLICO (R06) - RAMPA 06-LOA / CALADO MÁXIMO 0,00m / 20,00m                          BERTH -LOA / MAXIMUM DRAFT 0,00m / 20,00m                      "
5955,HP I,NORTELOG - TRANSPORTE - LOGISTICA - ARMAZENAGEM,24/09/2024 03:00,26/09/2024 22:00,24/09/2024 03:01,,Confirmado,,,,,"                          BERÇO CDP - BERÇO PÚBLICO (R06) - RAMPA 06-LOA / CALADO MÁXIMO 0,00m / 20,00m                          BERTH -LOA / MAXIMUM DRAFT 0,00m / 20,00m                      "
5959,HP II,NORTELOG - TRANSPORTE - LOGISTICA - ARMAZENAGEM,27/09/2024 03:00,29/09/2024 22:00,27/09/2024 03:01,,Confirmado,,,,,"                          BERÇO CDP - BERÇO PÚBLICO (R06) - RAMPA 06-LOA / CALADO MÁXIMO 0,00m / 20,00m                          BERTH -LOA / MAXIMUM DRAFT 0,00m / 20,00m                      "
5962,JT SOUSA 50,MASTER NORTE (SANTAREM),19/09/2024 10:00,19/09/2024 10:30,19/09/2024 10:00,,Confirmado,,,,,"                          BERÇO CDP - BERÇO PÚBLICO (R06) - RAMPA 06-LOA / CALADO MÁXIMO 0,00m / 20,00m                          BERTH -LOA / MAXIMUM DRAFT 0,00m / 20,00m                      "
6006,COMTE BIBI,NORTELOG - TRANSPORTE - LOGISTICA - ARMAZENAGEM,26/09/2024 06:00,26/09/2024 18:00,26/09/2024 06:01,,Confirmado,,,,,"                          BERÇO CDP - BERÇO PÚBLICO (R06) - RAMPA 06-LOA / CALADO MÁXIMO 0,00m / 20,00m                          BERTH -LOA / MAXIMUM DRAFT 0,00m / 20,00m                      "
6094,COMTE BIBI,NORTELOG - TRANSPORTE - LOGISTICA - ARMAZENAGEM,30/09/2024 23:00,03/10/2024 18:00,30/09/2024 23:01,,Confirmado,,,,,"                          BERÇO CDP - BERÇO PÚBLICO (R06) - RAMPA 06-LOA / CALADO MÁXIMO 0,00m / 20,00m                          BERTH -LOA / MAXIMUM DRAFT 0,00m / 20,00m                      "
6351,NL I,PORTO FACIL,27/11/2024 08:00,27/11/2024 18:00,27/11/2024 08:10,,Confirmado,,,,,"                          BERÇO CDP - BERÇO PÚBLICO (R06) - RAMPA 06-LOA / CALADO MÁXIMO 0,00m / 20,00m                          BERTH -LOA / MAXIMUM DRAFT 0,00m / 20,00m                      "
6433,LINAVE VII,PORTO FACIL,27/11/2024 07:00,27/11/2024 17:00,27/11/2024 08:00,,Confirmado,Veículos automóveis para transporte de mercadorias.,"70,000",,PORTO FACIL,"                          BERÇO CDP - BERÇO PÚBLICO (R06) - RAMPA 06-LOA / CALADO MÁXIMO 0,00m / 20,00m                          BERTH -LOA / MAXIMUM DRAFT 0,00m / 20,00m                      "
Veículos automóveis para transporte de mercadorias.,"1,000",,PORTO FACIL,,,,,,,,,"                          BERÇO CDP - BERÇO PÚBLICO (R06) - RAMPA 06-LOA / CALADO MÁXIMO 0,00m / 20,00m                          BERTH -LOA / MAXIMUM DRAFT 0,00m / 20,00m                      "
6740,CT 37,CIDADE TRANSPORTES,25/11/2024 09:40,26/11/2024 16:00,25/11/2024 10:00,,Confirmado,,,,,"                          BERÇO CDP - BERÇO PÚBLICO (R06) - RAMPA 06-LOA / CALADO MÁXIMO 0,00m / 20,00m                          BERTH -LOA / MAXIMUM DRAFT 0,00m / 20,00m                      "
6741,CT 37,CIDADE TRANSPORTES,25/11/2024 09:40,26/11/2024 16:00,25/11/2024 10:00,,Confirmado,,,,,"                          BERÇO CDP - BERÇO PÚBLICO (R06) - RAMPA 06-LOA / CALADO MÁXIMO 0,00m / 20,00m                          BERTH -LOA / MAXIMUM DRAFT 0,00m / 20,00m                      "
6766,JT SOUSA 25,JOAQUIM C DOS SANTOS,26/11/2024 18:00,27/11/2024 17:00,26/11/2024 18:30,,Confirmado,,,,,"                          BERÇO CDP - BERÇO PÚBLICO (R06) - RAMPA 06-LOA / CALADO MÁXIMO 0,00m / 20,00m                          BERTH -LOA / MAXIMUM DRAFT 0,00m / 20,00m                      "
6831,HP II,NORTE LOG.,02/12/2024 23:00,04/12/2024 19:00,02/12/2024 23:01,,Confirmado,,,,,"                          BERÇO CDP - BERÇO PÚBLICO (R06) - RAMPA 06-LOA / CALADO MÁXIMO 0,00m / 20,00m                          BERTH -LOA / MAXIMUM DRAFT 0,00m / 20,00m                      "
7053,JT SOUSA 50,MASTER NORTE (SANTAREM),13/12/2024 16:45,13/12/2024 17:00,13/12/2024 16:45,,Confirmado,,,,,"                          BERÇO CDP - BERÇO PÚBLICO (R06) - RAMPA 06-LOA / CALADO MÁXIMO 0,00m / 20,00m                          BERTH -LOA / MAXIMUM DRAFT 0,00m / 20,00m                      "
7054,JT SOUSA 50,MASTER NORTE (SANTAREM),13/12/2024 17:00,13/12/2024 17:30,13/12/2024 17:15,,Confirmado,,,,,"                          BERÇO CDP - BERÇO PÚBLICO (R06) - RAMPA 06-LOA / CALADO MÁXIMO 0,00m / 20,00m                          BERTH -LOA / MAXIMUM DRAFT 0,00m / 20,00m                      "
7055,JT SOUSA 50,MASTER NORTE (SANTAREM),13/12/2024 17:45,13/12/2024 18:00,13/12/2024 17:45,,Confirmado,,,,,"                          BERÇO CDP - BERÇO PÚBLICO (R06) - RAMPA 06-LOA / CALADO MÁXIMO 0,00m / 20,00m                          BERTH -LOA / MAXIMUM DRAFT 0,00m / 20,00m                      "
7064,JT SOUSA 50,MASTER NORTE (SANTAREM),15/12/2024 22:45,15/12/2024 23:00,15/12/2024 22:45,,Confirmado,,,,,"                          BERÇO CDP - BERÇO PÚBLICO (R06) - RAMPA 06-LOA / CALADO MÁXIMO 0,00m / 20,00m                          BERTH -LOA / MAXIMUM DRAFT 0,00m / 20,00m                      "
6203,BERTOLINI CDXI,MASTER NORTE (SANTAREM),05/10/2024 16:00,05/10/2024 19:00,11/10/2024 17:10,,Confirmado,"Adubos (fertilizantes) de origem animal ou vegetal, mesmo misturados entre si ou tratados quimicamen","1.821,840",,MASTER NORTE (SANTAREM),"                          BERÇO CDP - BERÇO PÚBLICO (R06) - RAMPA 06-LOA / CALADO MÁXIMO 0,00m / 20,00m                          BERTH -LOA / MAXIMUM DRAFT 0,00m / 20,00m                      "
7017,HT 80,SERVEPORTO - SANTARÉM,09/12/2024 16:00,09/12/2024 17:00,18/10/2024 22:39,,Atracado,"Adubos (fertilizantes) minerais ou químicos, nitrogenados (azotados).","1.916,072",,MASTER NORTE (SANTAREM),"                          BERÇO CDP - BERÇO PÚBLICO (R06) - RAMPA 06-LOA / CALADO MÁXIMO 0,00m / 20,00m                          BERTH -LOA / MAXIMUM DRAFT 0,00m / 20,00m                      "
6487,LADY VANDA,MASTER NORTE (SANTAREM),16/11/2024 01:00,30/11/2024 23:59,16/11/2024 00:45,,Atracado,,,,,"                          BERÇO CDP - BERÇO PÚBLICO (R06) - RAMPA 06-LOA / CALADO MÁXIMO 0,00m / 20,00m                          BERTH -LOA / MAXIMUM DRAFT 0,00m / 20,00m                      "
6570,NG 23,CIDADE TRANSPORTES,14/11/2024 18:00,14/11/2024 23:00,16/11/2024 19:20,,Atracado,"Adubos (fertilizantes) de origem animal ou vegetal, mesmo misturados entre si ou tratados quimicamen","2.000,000",,MASTER NORTE (SANTAREM),"                          BERÇO CDP - BERÇO PÚBLICO (R06) - RAMPA 06-LOA / CALADO MÁXIMO 0,00m / 20,00m                          BERTH -LOA / MAXIMUM DRAFT 0,00m / 20,00m                      "
6564,NG 14,CIDADE TRANSPORTES,14/11/2024 18:00,14/11/2024 23:00,30/11/2024 19:35,,Atracado,"Adubos (fertilizantes) de origem animal ou vegetal, mesmo misturados entre si ou tratados quimicamen","2.000,000",,MASTER NORTE (SANTAREM),"                          BERÇO CDP - BERÇO PÚBLICO (R06) - RAMPA 06-LOA / CALADO MÁXIMO 0,00m / 20,00m                          BERTH -LOA / MAXIMUM DRAFT 0,00m / 20,00m                      "
6567,NG 25,CIDADE TRANSPORTES,14/11/2024 18:00,14/11/2024 23:00,07/12/2024 10:55,,Atracado,"Adubos (fertilizantes) de origem animal ou vegetal, mesmo misturados entre si ou tratados quimicamen","2.000,000",,MASTER NORTE (SANTAREM),"                          BERÇO CDP - BERÇO PÚBLICO (R06) - RAMPA 06-LOA / CALADO MÁXIMO 0,00m / 20,00m                          BERTH -LOA / MAXIMUM DRAFT 0,00m / 20,00m                      "
7016,HT 74,SERVEPORTO - SANTARÉM,09/12/2024 16:00,09/12/2024 17:00,16/10/2024 19:49,,Atracado,"Adubos (fertilizantes) minerais ou químicos, nitrogenados (azotados).","2.033,525",,MASTER NORTE (SANTAREM),"                          BERÇO CDP - BERÇO PÚBLICO (R06) - RAMPA 06-LOA / CALADO MÁXIMO 0,00m / 20,00m                          BERTH -LOA / MAXIMUM DRAFT 0,00m / 20,00m                      "
5774,POLLUX II,WILSON SONS SERVIÇOS MARITIMOS (SANTARÉM),04/09/2024 14:25,30/09/2024 23:59,04/09/2024 14:30,,Confirmado,,,,,"                          BERÇO CDP - FUNDEIO (STM01) - ÁREA BRAVO-LOA / CALADO MÁXIMO 0,00m / 11,75m                          BERTH -LOA / MAXIMUM DRAFT 0,00m / 11,75m                      "
6332,NG 17,CIDADE TRANSPORTES,23/10/2024 07:00,23/10/2024 14:00,23/10/2024 08:00,,Confirmado,"Adubos (fertilizantes) de origem animal ou vegetal, mesmo misturados entre si ou tratados quimicamen","2.000,000",,MASTER NORTE (SANTAREM),"                          BERÇO CDP - FUNDEIO (STM01) - ÁREA BRAVO-LOA / CALADO MÁXIMO 0,00m / 11,75m                          BERTH -LOA / MAXIMUM DRAFT 0,00m / 11,75m                      "
6599,NG 18,CIDADE TRANSPORTES,15/11/2024 19:00,15/11/2024 23:30,15/11/2024 19:30,,Confirmado,"Adubos (fertilizantes) de origem animal ou vegetal, mesmo misturados entre si ou tratados quimicamen","2.000,000",,MASTER NORTE (SANTAREM),"                          BERÇO CDP - FUNDEIO (STM01) - ÁREA BRAVO-LOA / CALADO MÁXIMO 0,00m / 11,75m                          BERTH -LOA / MAXIMUM DRAFT 0,00m / 11,75m                      "
6833,BERTUOL VI,PORTO FACIL,30/11/2024 07:00,30/11/2024 10:00,30/11/2024 07:10,,Confirmado,"Adubos (fertilizantes) minerais ou químicos, nitrogenados (azotados).","3.300,000",,FERTITEX SANTAREM,"                          BERÇO CDP - FUNDEIO (STM01) - ÁREA BRAVO-LOA / CALADO MÁXIMO 0,00m / 11,75m                          BERTH -LOA / MAXIMUM DRAFT 0,00m / 11,75m                      "
6834,BERTUOL VII,PORTO FACIL,30/11/2024 07:00,30/11/2024 10:00,30/11/2024 07:10,,Confirmado,"Adubos (fertilizantes) minerais ou químicos, nitrogenados (azotados).","3.300,000",,FERTITEX SANTAREM,"                          BERÇO CDP - FUNDEIO (STM01) - ÁREA BRAVO-LOA / CALADO MÁXIMO 0,00m / 11,75m                          BERTH -LOA / MAXIMUM DRAFT 0,00m / 11,75m                      "
6926,UNIGÃOS II,PORTO FACIL,03/12/2024 19:00,03/12/2024 20:00,03/12/2024 19:10,,Confirmado,"Adubos (fertilizantes) minerais ou químicos, nitrogenados (azotados).","2.000,000",,FERTITEX SANTAREM,"                          BERÇO CDP - FUNDEIO (STM01) - ÁREA BRAVO-LOA / CALADO MÁXIMO 0,00m / 11,75m                          BERTH -LOA / MAXIMUM DRAFT 0,00m / 11,75m                      "
6928,NAVEGRÃOS III,PORTO FACIL,03/12/2024 19:00,03/12/2024 20:00,03/12/2024 19:10,,Confirmado,"Adubos (fertilizantes) minerais ou químicos, nitrogenados (azotados).","2.000,000",,FERTITEX SANTAREM,"                          BERÇO CDP - FUNDEIO (STM01) - ÁREA BRAVO-LOA / CALADO MÁXIMO 0,00m / 11,75m                          BERTH -LOA / MAXIMUM DRAFT 0,00m / 11,75m                      "
6949,NAVEGRAOS II,PORTO FACIL,04/12/2024 18:00,04/12/2024 22:00,04/12/2024 18:10,,Confirmado,"Adubos (fertilizantes) minerais ou químicos, nitrogenados (azotados).","2.000,000",,FERTITEX SANTAREM,"                          BERÇO CDP - FUNDEIO (STM01) - ÁREA BRAVO-LOA / CALADO MÁXIMO 0,00m / 11,75m                          BERTH -LOA / MAXIMUM DRAFT 0,00m / 11,75m                      "
6981,NAVEGRÃOS XXVIII,PORTO FACIL,06/12/2024 08:00,06/12/2024 09:00,06/12/2024 08:10,,Confirmado,"Adubos (fertilizantes) minerais ou químicos, nitrogenados (azotados).","2.000,000",,FERTITEX SANTAREM,"                          BERÇO CDP - FUNDEIO (STM01) - ÁREA BRAVO-LOA / CALADO MÁXIMO 0,00m / 11,75m                          BERTH -LOA / MAXIMUM DRAFT 0,00m / 11,75m                      "
7034,BERTUOL 25,PORTO FACIL,12/12/2024 15:00,12/12/2024 16:00,12/12/2024 15:10,,Confirmado,"Adubos (fertilizantes) minerais ou químicos, nitrogenados (azotados).","2.000,000",,FERTITEX SANTAREM,"                          BERÇO CDP - FUNDEIO (STM01) - ÁREA BRAVO-LOA / CALADO MÁXIMO 0,00m / 11,75m                          BERTH -LOA / MAXIMUM DRAFT 0,00m / 11,75m                      "
7035,BERTUOL 22,PORTO FACIL,12/12/2024 15:00,12/12/2024 16:00,12/12/2024 15:10,,Confirmado,"Adubos (fertilizantes) minerais ou químicos, nitrogenados (azotados).","2.000,000",,FERTITEX SANTAREM,"                          BERÇO CDP - FUNDEIO (STM01) - ÁREA BRAVO-LOA / CALADO MÁXIMO 0,00m / 11,75m                          BERTH -LOA / MAXIMUM DRAFT 0,00m / 11,75m                      "
7036,BERTUOL 18,PORTO FACIL,12/12/2024 15:00,12/12/2024 16:00,12/12/2024 15:10,,Confirmado,"Adubos (fertilizantes) minerais ou químicos, nitrogenados (azotados).","2.000,000",,FERTITEX SANTAREM,"                          BERÇO CDP - FUNDEIO (STM01) - ÁREA BRAVO-LOA / CALADO MÁXIMO 0,00m / 11,75m                          BERTH -LOA / MAXIMUM DRAFT 0,00m / 11,75m                      "
7037,BERTUOL 20,PORTO FACIL,12/12/2024 15:00,12/12/2024 16:00,12/12/2024 15:10,,Confirmado,"Adubos (fertilizantes) minerais ou químicos, nitrogenados (azotados).","2.000,000",,FERTITEX SANTAREM,"                          BERÇO CDP - FUNDEIO (STM01) - ÁREA BRAVO-LOA / CALADO MÁXIMO 0,00m / 11,75m                          BERTH -LOA / MAXIMUM DRAFT 0,00m / 11,75m                      "
7038,BERTUOL 23,PORTO FACIL,12/12/2024 15:00,12/12/2024 16:00,12/12/2024 15:10,,Confirmado,"Adubos (fertilizantes) minerais ou químicos, nitrogenados (azotados).","2.000,000",,FERTITEX SANTAREM,"                          BERÇO CDP - FUNDEIO (STM01) - ÁREA BRAVO-LOA / CALADO MÁXIMO 0,00m / 11,75m                          BERTH -LOA / MAXIMUM DRAFT 0,00m / 11,75m                      "
7039,BERTUOL 24,PORTO FACIL,12/12/2024 15:00,12/12/2024 16:00,12/12/2024 15:10,,Confirmado,"Adubos (fertilizantes) minerais ou químicos, nitrogenados (azotados).","2.000,000",,FERTITEX SANTAREM,"                          BERÇO CDP - FUNDEIO (STM01) - ÁREA BRAVO-LOA / CALADO MÁXIMO 0,00m / 11,75m                          BERTH -LOA / MAXIMUM DRAFT 0,00m / 11,75m                      "
7040,BERTUOL II,PORTO FACIL,12/12/2024 15:00,12/12/2024 16:00,12/12/2024 15:10,,Confirmado,"Adubos (fertilizantes) minerais ou químicos, nitrogenados (azotados).","2.000,000",,FERTITEX SANTAREM,"                          BERÇO CDP - FUNDEIO (STM01) - ÁREA BRAVO-LOA / CALADO MÁXIMO 0,00m / 11,75m                          BERTH -LOA / MAXIMUM DRAFT 0,00m / 11,75m                      "
6486,FAITH,SERVEPORTO - SANTARÉM,23/11/2024 12:00,28/11/2024 12:00,04/12/2024 22:02,,Atracado,"Adubos (fertilizantes) minerais ou químicos, nitrogenados (azotados).","14.044,000",,BERTUOL - SORRISO/MT,"                          BERÇO CDP - FUNDEIO (STM01) - ÁREA BRAVO-LOA / CALADO MÁXIMO 0,00m / 11,75m                          BERTH -LOA / MAXIMUM DRAFT 0,00m / 11,75m                      "
"Adubos (fertilizantes) minerais ou químicos, nitrogenados (azotados).","10.001,000",,FERTITEX SANTAREM,,,,,,,,,"                          BERÇO CDP - FUNDEIO (STM01) - ÁREA BRAVO-LOA / CALADO MÁXIMO 0,00m / 11,75m                          BERTH -LOA / MAXIMUM DRAFT 0,00m / 11,75m                      "
6924,NAVEGRAOS XXVIII,PORTO FACIL,03/12/2024 19:00,03/12/2024 20:00,03/12/2024 14:35,,Atracado,"Adubos (fertilizantes) minerais ou químicos, nitrogenados (azotados).","2.000,000",,FERTITEX SANTAREM,"                          BERÇO CDP - FUNDEIO (STM01) - ÁREA BRAVO-LOA / CALADO MÁXIMO 0,00m / 11,75m                          BERTH -LOA / MAXIMUM DRAFT 0,00m / 11,75m                      "
6925,NAVEGRÃOS I,PORTO FACIL,03/12/2024 19:00,03/12/2024 20:00,04/12/2024 00:02,,Atracado,"Adubos (fertilizantes) minerais ou químicos, nitrogenados (azotados).","3.300,000",,FERTITEX SANTAREM,"                          BERÇO CDP - FUNDEIO (STM01) - ÁREA BRAVO-LOA / CALADO MÁXIMO 0,00m / 11,75m                          BERTH -LOA / MAXIMUM DRAFT 0,00m / 11,75m                      "
6927,UNIGRAOS I,PORTO FACIL,03/12/2024 19:00,03/12/2024 20:00,04/12/2024 23:24,,Atracado,"Adubos (fertilizantes) minerais ou químicos, nitrogenados (azotados).","2.000,000",,FERTITEX SANTAREM,"                          BERÇO CDP - FUNDEIO (STM01) - ÁREA BRAVO-LOA / CALADO MÁXIMO 0,00m / 11,75m                          BERTH -LOA / MAXIMUM DRAFT 0,00m / 11,75m                      "
6974,NAVEGRÃOS XXVIII,PORTO FACIL,05/12/2024 22:00,05/12/2024 23:00,06/12/2024 14:04,,Atracado,"Adubos (fertilizantes) minerais ou químicos, nitrogenados (azotados).","2.000,000",,FERTITEX SANTAREM,"                          BERÇO CDP - FUNDEIO (STM01) - ÁREA BRAVO-LOA / CALADO MÁXIMO 0,00m / 11,75m                          BERTH -LOA / MAXIMUM DRAFT 0,00m / 11,75m                      "
6975,NAVEGRÃOS I,PORTO FACIL,05/12/2024 22:00,05/12/2024 23:00,07/12/2024 22:00,,Atracado,"Adubos (fertilizantes) minerais ou químicos, nitrogenados (azotados).","2.000,000",,FERTITEX SANTAREM,"                          BERÇO CDP - FUNDEIO (STM01) - ÁREA BRAVO-LOA / CALADO MÁXIMO 0,00m / 11,75m                          BERTH -LOA / MAXIMUM DRAFT 0,00m / 11,75m                      "
6976,UNIGRAOS II,PORTO FACIL,05/12/2024 22:00,05/12/2024 23:00,09/12/2024 03:10,,Atracado,"Adubos (fertilizantes) minerais ou químicos, nitrogenados (azotados).","2.000,000",,FERTITEX SANTAREM,"                          BERÇO CDP - FUNDEIO (STM01) - ÁREA BRAVO-LOA / CALADO MÁXIMO 0,00m / 11,75m                          BERTH -LOA / MAXIMUM DRAFT 0,00m / 11,75m                      "
6977,UNIGRAOS I,PORTO FACIL,05/12/2024 22:00,05/12/2024 23:00,09/12/2024 11:13,,Atracado,"Adubos (fertilizantes) minerais ou químicos, nitrogenados (azotados).","2.000,000",,FERTITEX SANTAREM,"                          BERÇO CDP - FUNDEIO (STM01) - ÁREA BRAVO-LOA / CALADO MÁXIMO 0,00m / 11,75m                          BERTH -LOA / MAXIMUM DRAFT 0,00m / 11,75m                      "
6978,NAVEGRÃOS III,PORTO FACIL,05/12/2024 22:00,05/12/2024 23:00,05/12/2024 20:40,,Atracado,"Adubos (fertilizantes) minerais ou químicos, nitrogenados (azotados).","2.000,000",,FERTITEX SANTAREM,"                          BERÇO CDP - FUNDEIO (STM01) - ÁREA BRAVO-LOA / CALADO MÁXIMO 0,00m / 11,75m                          BERTH -LOA / MAXIMUM DRAFT 0,00m / 11,75m                      "
7025,NAVEGRÃOS II,PORTO FACIL,10/12/2024 15:00,10/12/2024 16:00,08/12/2024 13:20,,Atracado,"Adubos (fertilizantes) minerais ou químicos, nitrogenados (azotados).","2.000,000",,FERTITEX SANTAREM,"                          BERÇO CDP - FUNDEIO (STM01) - ÁREA BRAVO-LOA / CALADO MÁXIMO 0,00m / 11,75m                          BERTH -LOA / MAXIMUM DRAFT 0,00m / 11,75m                      "
7026,NAVEGRÃOS I,PORTO FACIL,10/12/2024 15:00,10/12/2024 16:00,09/12/2024 20:09,,Atracado,"Adubos (fertilizantes) minerais ou químicos, nitrogenados (azotados).","2.000,000",,FERTITEX SANTAREM,"                          BERÇO CDP - FUNDEIO (STM01) - ÁREA BRAVO-LOA / CALADO MÁXIMO 0,00m / 11,75m                          BERTH -LOA / MAXIMUM DRAFT 0,00m / 11,75m                      "
7030,UNIGRÃOS IV,PORTO FACIL,11/12/2024 18:00,11/12/2024 19:00,06/12/2024 22:49,,Atracado,"Adubos (fertilizantes) minerais ou químicos, nitrogenados (azotados).","2.000,000",,FERTITEX SANTAREM,"                          BERÇO CDP - FUNDEIO (STM01) - ÁREA BRAVO-LOA / CALADO MÁXIMO 0,00m / 11,75m                          BERTH -LOA / MAXIMUM DRAFT 0,00m / 11,75m                      "
6675,PLUTO,ORION RODOS MARITIMA,07/12/2024 00:00,12/12/2024 00:00,10/12/2024 10:05,,Atracado,"Adubos (fertilizantes) minerais ou químicos, nitrogenados (azotados).","13.682,800",,BERTUOL - SORRISO/MT,"                          BERÇO CDP - FUNDEIO (STM01) - ÁREA BRAVO-LOA / CALADO MÁXIMO 0,00m / 11,75m                          BERTH -LOA / MAXIMUM DRAFT 0,00m / 11,75m                      "
"Adubos (fertilizantes) minerais ou químicos, nitrogenados (azotados).","4.000,000",,FERTITEX SANTAREM,,,,,,,,,"                          BERÇO CDP - FUNDEIO (STM01) - ÁREA BRAVO-LOA / CALADO MÁXIMO 0,00m / 11,75m                          BERTH -LOA / MAXIMUM DRAFT 0,00m / 11,75m                      "
"Adubos (fertilizantes) minerais ou químicos, nitrogenados (azotados).","7.000,000",,MASTER NORTE (SANTAREM),,,,,,,,,"                          BERÇO CDP - FUNDEIO (STM01) - ÁREA BRAVO-LOA / CALADO MÁXIMO 0,00m / 11,75m                          BERTH -LOA / MAXIMUM DRAFT 0,00m / 11,75m                      "
"Adubos (fertilizantes) minerais ou químicos, nitrogenados (azotados).","5.000,000",,MASTER NORTE (SANTAREM),,,,,,,,,"                          BERÇO CDP - FUNDEIO (STM01) - ÁREA BRAVO-LOA / CALADO MÁXIMO 0,00m / 11,75m                          BERTH -LOA / MAXIMUM DRAFT 0,00m / 11,75m                      "
6468,NAUTICA,WILHELMSEN PORT SERVICES BRASIL LTDA,23/11/2024 07:00,23/11/2024 15:00,23/11/2024 07:00,,Confirmado,,,,,"                          BERÇO USO DO CANAL-LOA / CALADO MÁXIMO 0,00m / 14,00m                          BERTH -LOA / MAXIMUM DRAFT 0,00m / 14,00m                      "
6501,STA. ANA,WILSON SONS SERVIÇOS MARITIMOS (SANTARÉM),11/11/2024 18:00,15/11/2024 12:00,11/11/2024 20:00,,Confirmado,Reservado para usos especiais pelas Partes Contratantes,,,WILSON SONS SERVIÇOS MARITIMOS (SANTARÉM),"                          BERÇO USO DO CANAL-LOA / CALADO MÁXIMO 0,00m / 14,00m                          BERTH -LOA / MAXIMUM DRAFT 0,00m / 14,00m                      "
5073,DONA WALDIR,VIBRA ENERGIA,31/07/2024 09:00,31/07/2024 09:30,31/07/2024 09:15,,Confirmado,"Óleos de petróleo ou de minerais betuminosos, exceto óleos brutos. preparações não especificadas nem","78,557",,VIBRA ENERGIA,"                          BERÇO CPS - BERÇO ARRENDADO (T02) - PÍER DE MADEIRA-LOA / CALADO MÁXIMO 0,00m / 15,00m                          BERTH -LOA / MAXIMUM DRAFT 0,00m / 15,00m                      "
5074,DONA WALDIR,VIBRA ENERGIA,31/07/2024 09:30,31/07/2024 10:00,31/07/2024 09:45,,Confirmado,"Óleos de petróleo ou de minerais betuminosos, exceto óleos brutos. preparações não especificadas nem","142,369",,VIBRA ENERGIA,"                          BERÇO CPS - BERÇO ARRENDADO (T02) - PÍER DE MADEIRA-LOA / CALADO MÁXIMO 0,00m / 15,00m                          BERTH -LOA / MAXIMUM DRAFT 0,00m / 15,00m                      "
5075,TIA TEREZINHA,VIBRA ENERGIA,31/07/2024 10:00,31/07/2024 10:30,31/07/2024 10:15,,Confirmado,"Óleos de petróleo ou de minerais betuminosos, exceto óleos brutos. preparações não especificadas nem","405,178",,VIBRA ENERGIA,"                          BERÇO CPS - BERÇO ARRENDADO (T02) - PÍER DE MADEIRA-LOA / CALADO MÁXIMO 0,00m / 15,00m                          BERTH -LOA / MAXIMUM DRAFT 0,00m / 15,00m                      "
5076,DONA WALDIR,VIBRA ENERGIA,31/07/2024 10:30,31/07/2024 11:00,31/07/2024 10:45,,Confirmado,"Óleos de petróleo ou de minerais betuminosos, exceto óleos brutos. preparações não especificadas nem","167,336",,VIBRA ENERGIA,"                          BERÇO CPS - BERÇO ARRENDADO (T02) - PÍER DE MADEIRA-LOA / CALADO MÁXIMO 0,00m / 15,00m                          BERTH -LOA / MAXIMUM DRAFT 0,00m / 15,00m                      "
5077,CLAUDIA MUSTAFA,VIBRA ENERGIA,31/07/2024 11:00,31/07/2024 11:30,31/07/2024 11:15,,Confirmado,"Óleos de petróleo ou de minerais betuminosos, exceto óleos brutos. preparações não especificadas nem","144,172",,VIBRA ENERGIA,"                          BERÇO CPS - BERÇO ARRENDADO (T02) - PÍER DE MADEIRA-LOA / CALADO MÁXIMO 0,00m / 15,00m                          BERTH -LOA / MAXIMUM DRAFT 0,00m / 15,00m                      "
5078,TIA TEREZINHA,VIBRA ENERGIA,31/07/2024 11:00,31/07/2024 11:30,31/07/2024 11:15,,Confirmado,"Óleos de petróleo ou de minerais betuminosos, exceto óleos brutos. preparações não especificadas nem","412,011",,VIBRA ENERGIA,"                          BERÇO CPS - BERÇO ARRENDADO (T02) - PÍER DE MADEIRA-LOA / CALADO MÁXIMO 0,00m / 15,00m                          BERTH -LOA / MAXIMUM DRAFT 0,00m / 15,00m                      "
6856,AMAZONIA 2020,PETROLEO SABBA S/A,05/12/2024 07:20,05/12/2024 17:00,05/12/2024 08:00,,Confirmado,"Óleos de petróleo ou de minerais betuminosos, exceto óleos brutos. preparações não especificadas nem","164,142",,PETROLEO SABBA S/A,"                          BERÇO CPS - BERÇO ARRENDADO (T02) - PÍER DE MADEIRA-LOA / CALADO MÁXIMO 0,00m / 15,00m                          BERTH -LOA / MAXIMUM DRAFT 0,00m / 15,00m                      "
6857,WPL 2030,PETROLEO SABBA S/A,05/12/2024 07:20,05/12/2024 17:00,05/12/2024 08:00,,Confirmado,"Óleos de petróleo ou de minerais betuminosos, exceto óleos brutos. preparações não especificadas nem","2.504,273",,PETROLEO SABBA S/A,"                          BERÇO CPS - BERÇO ARRENDADO (T02) - PÍER DE MADEIRA-LOA / CALADO MÁXIMO 0,00m / 15,00m                          BERTH -LOA / MAXIMUM DRAFT 0,00m / 15,00m                      "
6814,OMS XXV,VIBRA ENERGIA,29/11/2024 13:00,29/11/2024 13:30,01/11/2024 07:00,,Atracado,"Óleos de petróleo ou de minerais betuminosos, exceto óleos brutos. preparações não especificadas nem","2.239,809",,VIBRA ENERGIA,"                          BERÇO CPS - BERÇO ARRENDADO (T02) - PÍER DE MADEIRA-LOA / CALADO MÁXIMO 0,00m / 15,00m                          BERTH -LOA / MAXIMUM DRAFT 0,00m / 15,00m                      "
6815,OMS XXV,VIBRA ENERGIA,29/11/2024 13:30,29/11/2024 14:00,04/11/2024 13:00,,Atracado,"Óleos de petróleo ou de minerais betuminosos, exceto óleos brutos. preparações não especificadas nem","752,388",,VIBRA ENERGIA,"                          BERÇO CPS - BERÇO ARRENDADO (T02) - PÍER DE MADEIRA-LOA / CALADO MÁXIMO 0,00m / 15,00m                          BERTH -LOA / MAXIMUM DRAFT 0,00m / 15,00m                      "
6816,JOSEFA MUSTAFA,VIBRA ENERGIA,29/11/2024 14:00,29/11/2024 14:30,05/11/2024 10:30,,Atracado,"Óleos de petróleo ou de minerais betuminosos, exceto óleos brutos. preparações não especificadas nem","134,763",,VIBRA ENERGIA,"                          BERÇO CPS - BERÇO ARRENDADO (T02) - PÍER DE MADEIRA-LOA / CALADO MÁXIMO 0,00m / 15,00m                          BERTH -LOA / MAXIMUM DRAFT 0,00m / 15,00m                      "
6820,JESSICA ALE,VIBRA ENERGIA,29/11/2024 14:30,29/11/2024 15:00,06/11/2024 07:40,,Atracado,"Óleos de petróleo ou de minerais betuminosos, exceto óleos brutos. preparações não especificadas nem","336,965",,VIBRA ENERGIA,"                          BERÇO CPS - BERÇO ARRENDADO (T02) - PÍER DE MADEIRA-LOA / CALADO MÁXIMO 0,00m / 15,00m                          BERTH -LOA / MAXIMUM DRAFT 0,00m / 15,00m                      "
6822,OMS XXV,VIBRA ENERGIA,29/11/2024 15:00,29/11/2024 15:30,07/11/2024 12:50,,Atracado,"Óleos de petróleo ou de minerais betuminosos, exceto óleos brutos. preparações não especificadas nem","894,556",,VIBRA ENERGIA,"                          BERÇO CPS - BERÇO ARRENDADO (T02) - PÍER DE MADEIRA-LOA / CALADO MÁXIMO 0,00m / 15,00m                          BERTH -LOA / MAXIMUM DRAFT 0,00m / 15,00m                      "
6824,JOSEFA MUSTAFA,VIBRA ENERGIA,29/11/2024 15:30,29/11/2024 16:00,08/11/2024 06:00,,Atracado,"Óleos de petróleo ou de minerais betuminosos, exceto óleos brutos. preparações não especificadas nem","176,550",,VIBRA ENERGIA,"                          BERÇO CPS - BERÇO ARRENDADO (T02) - PÍER DE MADEIRA-LOA / CALADO MÁXIMO 0,00m / 15,00m                          BERTH -LOA / MAXIMUM DRAFT 0,00m / 15,00m                      "
6826,JESSICA ALE,VIBRA ENERGIA,29/11/2024 15:30,29/11/2024 16:00,11/11/2024 07:00,,Atracado,"Óleos de petróleo ou de minerais betuminosos, exceto óleos brutos. preparações não especificadas nem","325,588",,VIBRA ENERGIA,"                          BERÇO CPS - BERÇO ARRENDADO (T02) - PÍER DE MADEIRA-LOA / CALADO MÁXIMO 0,00m / 15,00m                          BERTH -LOA / MAXIMUM DRAFT 0,00m / 15,00m                      "
6626,WPL 2005,PETROLEO SABBA S/A,19/11/2024 07:20,19/11/2024 17:00,13/11/2024 06:50,,Atracado,"Óleos de petróleo ou de minerais betuminosos, exceto óleos brutos. preparações não especificadas nem","344,187",,PETROLEO SABBA S/A,"                          BERÇO CPS - BERÇO ARRENDADO (T02) - PÍER DE MADEIRA-LOA / CALADO MÁXIMO 0,00m / 15,00m                          BERTH -LOA / MAXIMUM DRAFT 0,00m / 15,00m                      "
6736,FLU FLAMBOYANT,PETROLEO SABBA S/A,25/11/2024 07:20,25/11/2024 17:00,21/11/2024 06:50,,Atracado,"Óleos de petróleo ou de minerais betuminosos, exceto óleos brutos. preparações não especificadas nem","1.777,619",,PETROLEO SABBA S/A,"                          BERÇO CPS - BERÇO ARRENDADO (T02) - PÍER DE MADEIRA-LOA / CALADO MÁXIMO 0,00m / 15,00m                          BERTH -LOA / MAXIMUM DRAFT 0,00m / 15,00m                      "
6737,AMAZONIA 2020,PETROLEO SABBA S/A,25/11/2024 07:20,25/11/2024 17:00,21/11/2024 06:50,,Atracado,"Óleos de petróleo ou de minerais betuminosos, exceto óleos brutos. preparações não especificadas nem","122,211",,PETROLEO SABBA S/A,"                          BERÇO CPS - BERÇO ARRENDADO (T02) - PÍER DE MADEIRA-LOA / CALADO MÁXIMO 0,00m / 15,00m                          BERTH -LOA / MAXIMUM DRAFT 0,00m / 15,00m                      "
6827,JESSICA ALE,VIBRA ENERGIA,29/11/2024 16:00,29/11/2024 16:30,22/11/2024 01:45,,Atracado,"Óleos de petróleo ou de minerais betuminosos, exceto óleos brutos. preparações não especificadas nem","87,676",,VIBRA ENERGIA,"                          BERÇO CPS - BERÇO ARRENDADO (T02) - PÍER DE MADEIRA-LOA / CALADO MÁXIMO 0,00m / 15,00m                          BERTH -LOA / MAXIMUM DRAFT 0,00m / 15,00m                      "
6828,CLAUDIA MUSTAFA,VIBRA ENERGIA,29/11/2024 16:30,29/11/2024 17:00,22/11/2024 08:30,,Atracado,"Óleos de petróleo ou de minerais betuminosos, exceto óleos brutos. preparações não especificadas nem","220,020",,VIBRA ENERGIA,"                          BERÇO CPS - BERÇO ARRENDADO (T02) - PÍER DE MADEIRA-LOA / CALADO MÁXIMO 0,00m / 15,00m                          BERTH -LOA / MAXIMUM DRAFT 0,00m / 15,00m                      "
6795,AMAZONIA 2020,PETROLEO SABBA S/A,30/11/2024 07:20,30/11/2024 17:00,26/11/2024 06:50,,Atracado,"Óleos de petróleo ou de minerais betuminosos, exceto óleos brutos. preparações não especificadas nem","183,758",,PETROLEO SABBA S/A,"                          BERÇO CPS - BERÇO ARRENDADO (T02) - PÍER DE MADEIRA-LOA / CALADO MÁXIMO 0,00m / 15,00m                          BERTH -LOA / MAXIMUM DRAFT 0,00m / 15,00m                      "
