TipoNavio,NavioShip,BandeiraFlag,Com/LenCal/Draft,Nav,Cheg/Arrivald/m/y,CarimboNotice,AgênciaOffice,OperaçOperat,MercadoriaGoods,PesoWeight,ViagemVoyage,DUV,P,Terminal,IMO
LIQUIDO A GRANEL,MARLIN,LIBERIANA,1448.2,Cabo,10/12/2024 02:30:00,5285-0,CONE SUL AGENCIA DE NAVEGAÇÃO S/C LTDA.,EMB ,OLEO DIESEL,16000,5687-12024,554562024,B,ALAMOA,09453638
LIQUIDO A GRANEL,STOLT FOCUS,GRANDCAYMANA,18310,Long,10/12/2024 16:00:00,5292-2,UNIMAR AGENCIAMENTOS MARITIMOS LTDA,EMB ,GRAN.LIQUIDO NAO ESPECIF,30595,5670-12024,552442024,B,ALA.-I.B.,09214305
LIQUIDO A GRANEL,EPIC BEATA,MALTESA,1135.1,Cabo,12/12/2024 01:00:00,5308-2,CONE SUL AGENCIA DE NAVEGAÇÃO S/C LTDA.,DESC   ,GAS LIQUEFEITO,3500,5673--2024,553522024,B,ALAMOA,09580182
LIQUIDO A GRANEL,ANITA GARIBALDI,BRASILEIRA,22810,Cabo,12/12/2024 09:30:00,5312--,CONE SUL AGENCIA DE NAVEGAÇÃO S/C LTDA.,EMB ,OLEO COMBUSTIVEL,60000,5709-52024,555272024,B,ALAMOA,09492270
LIQUIDO A GRANEL,SCOT HAMBURG,MALTESA,1176,Long,16/12/2024 18:12:00,5378-3,NORTH STAR SUDESTE SERVICOS MARITIMOS LTDA-EPP,DESC   ,SODA CAUSTICA,7500,5674-72024,553402024,B,ILHA,09255799
LIQUIDO A GRANEL,CLEAN JUSTICE,LIBERIANA,18211,Cabo,17/12/2024,,CONE SUL AGENCIA DE NAVEGAÇÃO S/C LTDA.,EMB ,OLEO DIESEL,45000,4741-22024,460992024,B,ALAMOA,09473717
LIQUIDO A GRANEL,CLYDE,LIBERIANA,18310,Cabo,17/12/2024,,CONE SUL AGENCIA DE NAVEGAÇÃO S/C LTDA.,EMB ,OLEO COMBUSTIVEL,25000,5239-92024,507412024,B,ALAMOA,09836452
LIQUIDO A GRANEL,GAVI C,LIBERIANA,1849,Cabo,17/12/2024,,CONE SUL AGENCIA DE NAVEGAÇÃO S/C LTDA.,EMB ,OLEO DIESEL,30000,5750-52024,563722024,B,ALAMOA,09391361
LIQUIDO A GRANEL,LUIGI LAGRANGE,ITALIANA,18010.1,Long,17/12/2024,,CONE SUL AGENCIA DE NAVEGAÇÃO S/C LTDA.,DESC   ,GAS LIQUEFEITO,4000,5475-42024,532822024,B,ALAMOA,09292759
LIQUIDO A GRANEL,MAERSK KATALIN,SINGAPURENSE,1839,Cabo,17/12/2024,,CONE SUL AGENCIA DE NAVEGAÇÃO S/C LTDA.,EMB ,OLEO DIESEL,30000,5659-82024,552282024,B,ALAMOA,09431317
LIQUIDO A GRANEL,SCOT HAMBURG,MALTESA,1177,Long,17/12/2024,,ORION OPERACOES PORTUARIAS LTDA,EMB ,ETHANOL,2567,5714-92024,559472024,B,ILHA,09255799
LIQUIDO A GRANEL,SINO SOURCE,PANAMENHA,1836,Long,17/12/2024,,TRANSATLANTICA AFRETAMENTOS E SERVICOS MARITIMOS LTDA,DESC   ,OLEO DIESEL,46935,5739-12024,560372024,B,ILHA,09350850
LIQUIDO A GRANEL,STI JARDINS,ILHAS MARSHALL,18310,Long,17/12/2024,,CONE SUL AGENCIA DE NAVEGAÇÃO S/C LTDA.,EMB ,GASOLINA COMUM,25000,5265-02024,510492024,B,ALAMOA,09794446
LIQUIDO A GRANEL,STI MIGHTY,ILHAS MARSHALL,18310,Long,17/12/2024,,CONE SUL AGENCIA DE NAVEGAÇÃO S/C LTDA.,EMB ,GASOLINA COMUM,25000,5101-72024,496832024,B,ALAMOA,09854739
LIQUIDO A GRANEL,TWEED,ILHAS MARSHALL,18410,Cabo,17/12/2024,,CONE SUL AGENCIA DE NAVEGAÇÃO S/C LTDA.,EMB ,OLEO DIESEL,30000,3728-22024,370642024,B,ALAMOA,09865740
LIQUIDO A GRANEL,YARA FREYA,NORUEGUESA,1808.3,Long,17/12/2024,,WILHELMSEN PORT SERVICES BRASIL LTDA,DESC   ,GRAN.LIQUIDO NAO ESPECIF,16000,5771-22024,534942024,B,ULTRAFERTIL,09725500
LIQUIDO A GRANEL,ORANGE OCEAN,LIBERIANA,1709,Long,17/12/2024 04:03:00,,LACHMANN AGENCIA MARITIMA LTDA,EMB ,SUCOS CITRICOS A GRANEL,17000,5637-42024,550982024,B,CUTRALE,09675391
LIQUIDO A GRANEL,BOW AGATHE,NORUEGUESA,1708,Long,17/12/2024 17:30:00,5390-2,AGENCIA MARITIMA GRANEL LTDA.,EMBDESC,GRAN.LIQUIDO NAO ESPECIFGRAN.LIQUIDO NAO ESPECIF,419710000,5686-52024,553282024,B,ALA.-I.B.,09393010
LIQUIDO A GRANEL,BOW TRAJECTORY,NORUEGUESA,1838,Long,18/12/2024 06:00:00,,AGENCIA MARITIMA GRANEL LTDA.,DESC   ,GRAN.LIQUIDO NAO ESPECIF,21327,5622-72024,550172024,B,ILHA,09669873
LIQUIDO A GRANEL,CASTILLO DE TEBRA (REB),BRASILEIRA,1208,Cabo,18/12/2024 07:00:00,,ORION OPERACOES PORTUARIAS LTDA,EMBDESC,ETHANOLPRODUTOS QUIMICOS,24006792,5738-52024,556522024,B,ILHA,09753636
LIQUIDO A GRANEL,ORANGE STAR,LIBERIANA,1909,Long,19/12/2024 04:10:00,,LACHMANN AGENCIA MARITIMA LTDA,EMB ,SUCOS CITRICOS A GRANEL,30000,5671-82024,550992024,B,CUTRALE,09564384
LIQUIDO A GRANEL,BOW LION,SINGAPURENSE,1578,Long,20/12/2024 06:00:00,,AGENCIA MARITIMA GRANEL LTDA.,EMBDESC,GRAN.LIQUIDO NAO ESPECIFGRAN.LIQUIDO NAO ESPECIF,80508579,5763-02024,564592024,B,ALA.-I.B.,09952177
LIQUIDO A GRANEL,CL TONI MORRISON,LIBERIANA,1839.4,Long,20/12/2024 13:00:00,,NORTH STAR SUDESTE SERVICOS MARITIMOS LTDA-EPP,EMB ,ETHANOL,22882,5787-62024,565782024,B,ALAMOA,09943384
LIQUIDO A GRANEL,CARLOS FISCHER,LIBERIANA,20510.5,Long,21/12/2024 08:00:00,,RELIANCE AGENCIAMENTO E SERVICOS PORTUARIOS LTDA.,EMB ,SUCOS CITRICOS A GRANEL,30080,5783--2024,567852024,B,29,09230995
LIQUIDO A GRANEL,SOUTHERN QUOKKA,LIBERIANA,1578,Long,22/12/2024 06:00:00,,AGENCIA MARITIMA GRANEL LTDA.,DESC   ,GRAN.LIQUIDO NAO ESPECIF,6331,5769-82024,559842024,B,ALA.-I.B.,09792010
LIQUIDO A GRANEL,ARDMORE CHIPPEWA,ILHAS MARSHALL,1596,Long,22/12/2024 18:00:00,,TRANSATLANTICA AFRETAMENTOS E SERVICOS MARITIMOS LTDA,DESC   ,SODA CAUSTICA,10095,5713-22024,560652024,B,DOW,09707871
LIQUIDO A GRANEL,BOW TUNGSTEN,NORUEGUESA,1658,Cabo,24/12/2024 07:00:00,,AGENCIA MARITIMA GRANEL LTDA.,DESC   ,GRAN.LIQUIDO NAO ESPECIF,6360,5767-52024,568682024,B,DOW,09777400
LIQUIDO A GRANEL,BOW LION,SINGAPURENSE,1578,Long,26/12/2024 07:00:00,,AGENCIA MARITIMA GRANEL LTDA.,EMB ,GRAN.LIQUIDO NAO ESPECIF,6170,5791-32024,570012024,B,ALAMOA,09952177
LIQUIDO A GRANEL,PREMIUM DO BRASIL,LIBERIANA,20510.5,Long,26/12/2024 08:00:00,,RELIANCE AGENCIAMENTO E SERVICOS PORTUARIOS LTDA.,EMB ,SUCOS CITRICOS A GRANEL,30080,5790-72024,568282024,B,29,09242089
LIQUIDO A GRANEL,CHEM SPARK,ILHAS MARSHALL,1607,Long,27/12/2024 05:00:00,,NORTH STAR SUDESTE SERVICOS MARITIMOS LTDA-EPP,DESC   ,ACIDO FOSFORICO,12001,5788-22024,566622024,B,ALAMOA,09731743
LIQUIDO A GRANEL,ORANGE SKY,LIBERIANA,1729,Long,29/12/2024 06:13:00,,LACHMANN AGENCIA MARITIMA LTDA,EMB ,SUCOS CITRICOS A GRANEL,19700,5639-72024,551032024,B,CUTRALE,09228370
GRANEIS DE ORIGEM VEGETAL,OLIVIA C,LIBERIANA,22912.4,Long,24/11/2024 22:06:00,5064-4,CARGILL AGRICOLA S/A.,EMB ,PELLETS A GRANEL,63000,5458-22024,531702024,B,35/37,09710555
GRANEIS DE ORIGEM VEGETAL,ALCOR,ILHAS MARSHALL,22912.9,Long,28/11/2024 21:06:00,5119-5,ALPHAMAR AGÊNCIA MARÍTIMA  LTDA.,EMB ,PELLETS A GRANEL,70000,5471-92024,532392024,B,35/37,09717682
GRANEIS DE ORIGEM VEGETAL,IVESTOS 4,LIBERIANA,22512.5,Long,03/12/2024 15:12:00,5186-1,AGÊNCIA MARÍTIMA CARGONAVE (SP) LTDA.,EMB ,PELLETS A GRANEL,55000,5544-62024,538792024,B,35/37,09386251
GRANEIS DE ORIGEM VEGETAL,OCEAN AZURE,PANAMENHA,20012.5,Long,15/12/2024 07:00:00,5355-4,ALPHAMAR AGÊNCIA MARÍTIMA  LTDA.,EMB ,PELLETS A GRANEL,48000,5717-82024,559102024,B,38,09960150
GRANEIS DE ORIGEM VEGETAL,ES WARRIOR,PANAMENHA,20012.9,Long,17/12/2024,,AGÊNCIA MARÍTIMA CARGONAVE (SP) LTDA.,EMB ,PELLETS A GRANEL,50400,5493-22024,532862024,B,35/37,09775854
GRANEIS DE ORIGEM VEGETAL,KYPROS SEA,CIPRIOTA,22513,Long,17/12/2024,,WORLD SHIPPING AGENCIAMENTOS LTDA,EMB ,MILHO A GRANEL,70000,5362-52024,523672024,B,35/37,09675602
GRANEIS DE ORIGEM VEGETAL,MEDI EGADI,LIBERIANA,22913.3,Long,17/12/2024,,ALPHAMAR AGÊNCIA MARÍTIMA  LTDA.,EMB ,MILHO A GRANEL,71437,4904-92024,475602024,B,TGG,09802217
GRANEIS DE ORIGEM VEGETAL,STELLA NAVIS,ILHAS MARSHALL,22912.8,Long,17/12/2024,,ROCHAMAR AGENCIA MARITIMA S/A,EMB ,SOJA A GRANEL,20000,5719--2024,554602024,B,39,09909039
GRANEIS DE ORIGEM VEGETAL,SDM CHONGQING,LIBERIANA,21011,Long,18/12/2024,,FERTIMPORT S/A.,EMB ,PELLETS A GRANEL,63000,5695-42024,556902024,B,TGG-37,09949235
GRANEIS DE ORIGEM VEGETAL,TOKYO QUEEN,SINGAPURENSE,22913,Long,18/12/2024 08:00:00,,ALPHAMAR AGÊNCIA MARÍTIMA  LTDA.,EMB ,MILHO A GRANEL,77000,5741-62024,559862024,B,TGG,09841287
GRANEIS DE ORIGEM VEGETAL,MEDI TIRRENO,LIBERIANA,20013.3,Long,20/12/2024 05:00:00,,FERTIMPORT S/A.,EMB ,PELLETS A GRANEL,49500,5724-42024,561112024,B,35/37,09699165
GRANEIS DE ORIGEM VEGETAL,TOMAHAWK,LIBERIANA,22913,Long,22/12/2024 18:00:00,,AGÊNCIA MARÍTIMA CARGONAVE (SP) LTDA.,EMB ,MILHO A GRANEL,70000,5721-52024,560992024,B,16/17-19,09737591
GRANEIS DE ORIGEM VEGETAL,STAR APHRODITE,LIBERIANA,23012.2,Long,24/12/2024 08:00:00,,FERTIMPORT S/A.,EMB ,MILHO A GRANEL,68000,5758-62024,564012024,B,TGG,09590096
GRANEIS DE ORIGEM VEGETAL,KALLIOPI L,LIBERIANA,22513,Long,25/12/2024 10:00:00,,"WILSON SONS S/A - COMERCIO, INDUSTRIA E AGENCIA DE NAVEGACAO",EMB ,MILHO A GRANEL,70000,5786-02024,569052024,B,TEG,09233284
GRANEIS DE ORIGEM VEGETAL,WORLD PROSPER,PANAMENHA,22913.7,Long,27/12/2024 07:00:00,,WORLD SHIPPING AGENCIAMENTOS LTDA,EMB ,PELLETS A GRANEL,63000,5785-32024,569612024,B,35/37,09911721
GRANEIS SOLIDOS - IMPORTACAO,KENNADI,ILHAS MARSHALL,2006,Long,09/11/2024 21:00:00,4822-4,ZPORT AGENCIA MARITIMA LTDA,DESC   ,FERTILIZANTES,52022,5123--2024,494332024,B,TERMAG,09703576
GRANEIS SOLIDOS - IMPORTACAO,HUA XING HAI,HONG KONG,2297.2,Long,14/11/2024 21:54:00,4898-4,ALPHAMAR AGÊNCIA MARÍTIMA  LTDA.,DESC   ,FERTILIZANTES,77000,5255-42024,509642024,B,TERMAG,09758583
GRANEIS SOLIDOS - IMPORTACAO,ES WARRIOR,PANAMENHA,2006,Long,17/11/2024 05:00:00,4942-5,TRANSATLANTICA AFRETAMENTOS E SERVICOS MARITIMOS LTDA,DESC   ,ENXOFRE A GRANEL,41999,5024-22024,488102024,B,ULTRAFERTIL,09775854
GRANEIS SOLIDOS - IMPORTACAO,REA,ILHAS MARSHALL,1807,Long,25/11/2024 08:03:00,5203-5,ROCHAMAR AGENCIA MARITIMA S/A,DESC   ,FERTILIZANTES,31350,5367-72024,524382024,B,ULTRAFERTIL,09497165
GRANEIS SOLIDOS - IMPORTACAO,DESERT PIONEER,GREGA,2009,Long,03/12/2024 04:00:00,5181--,ROCHAMAR AGENCIA MARITIMA S/A,DESC   ,FERTILIZANTES,47000,5366--2024,524372024,B,ULTRAFERTIL,09899193
GRANEIS SOLIDOS - IMPORTACAO,IONIC KIZUNA,SINGAPURENSE,22910,Long,03/12/2024 15:06:00,5185-3,ORION OPERACOES PORTUARIAS LTDA,DESC   ,FERTILIZANTES,76765,5524-52024,502382024,B,23,09582532
GRANEIS SOLIDOS - IMPORTACAO,PERSISTENCE DIVA,LIBERIANA,2297,Long,07/12/2024 08:00:00,5249-3,ORION OPERACOES PORTUARIAS LTDA,DESC   ,FERTILIZANTES,84000,5550-62024,507272024,B,TERMAG,09912452
GRANEIS SOLIDOS - IMPORTACAO,MILEENA,LIBERIANA,1906,Long,07/12/2024 22:43:00,5251-5,TRANSATLANTICA AFRETAMENTOS E SERVICOS MARITIMOS LTDA,DESC   ,FERTILIZANTES,16250,4966-42024,484922024,B,CODESP-RUA,09586693
GRANEIS SOLIDOS - IMPORTACAO,YM PIONEER,LIBERIANA,2299.5,Long,08/12/2024 17:20:00,5265-5,AMART SERVICES CONSULT AG MARITIMO E TRANSP LTDA,DESC   ,FERTILIZANTES,77260,5630-02024,544902024,B,CODESP-TERMAG,09902548
GRANEIS SOLIDOS - IMPORTACAO,TERN BULKER,PANAMENHA,1906.8,Long,13/12/2024 14:30:00,5334-1,WORLD SHIPPING AGENCIAMENTOS LTDA,DESC   ,FERTILIZANTES,48800,5668-72024,551452024,B,CODESP-ULTRF,09676101
GRANEIS SOLIDOS - IMPORTACAO,HSL MEXICO,PANAMENHA,2006.5,Long,14/12/2024 07:00:00,5342-2,AMART SERVICES CONSULT AG MARITIMO E TRANSP LTDA,DESC   ,FERTILIZANTES,47671,5722-12024,548202024,B,ULTRAFERTIL,09897561
GRANEIS SOLIDOS - IMPORTACAO,CAPE GEORGE,ILHAS MARSHALL,1807,Long,16/12/2024 11:00:00,5374--,ROCHAMAR AGENCIA MARITIMA S/A,DESC   ,FERTILIZANTES,21670,5723-82024,560872024,B,CODESP-RUA,09496331
GRANEIS SOLIDOS - IMPORTACAO,WORLD PROSPER,PANAMENHA,2299,Long,17/12/2024,,FERTIMPORT S/A.,DESC   ,FERTILIZANTES,66000,5561-82024,499542024,B,23,09911721
GRANEIS SOLIDOS - IMPORTACAO,OLIVIA,ILHAS MARSHALL,1835,Long,17/12/2024 00:18:00,5387-2,CARGILL AGRICOLA S/A.,DESC   ,FERTILIZANTES,7500,5789-92024,570322024,B,32,09973535
GRANEIS SOLIDOS - IMPORTACAO,UNION GROOVE,ILHAS MARSHALL,1807.6,Long,18/12/2024 07:00:00,,WORLD SHIPPING AGENCIAMENTOS LTDA,DESC   ,FERTILIZANTES,17133,5730-42024,558422024,B,CODESP-RUA,09580106
GRANEIS SOLIDOS - IMPORTACAO,OCEAN VIRGINIA,PANAMENHA,1806.8,Long,21/12/2024 08:00:00,,ALPHAMAR AGÊNCIA MARÍTIMA  LTDA.,DESC   ,ENXOFRE A GRANEL,33000,5766-92024,565112024,B,ULTRAFERTIL,09908437
GRANEIS SOLIDOS - IMPORTACAO,BENJAMAS NAREE,SINGAPURENSE,1837,Long,21/12/2024 10:00:00,,ROCHAMAR AGENCIA MARITIMA S/A,DESC   ,FERTILIZANTES,17500,5634-52024,550512024,B,ULTRAFERTIL,09464027
GRANEIS SOLIDOS - IMPORTACAO,MANDARIN SINGAPORE,SINGAPURENSE,1906,Long,25/12/2024 10:00:00,,"WILSON SONS S/A - COMERCIO, INDUSTRIA E AGENCIA DE NAVEGACAO",DESC   ,FERTILIZANTES,49500,5765-22024,560642024,B,ULTRAFERTIL,09569968
GRANEIS SOLIDOS - IMPORTACAO,INCHEON BAY,HONG KONG,1807,Long,03/01/2025 11:00:00,,ORION OPERACOES PORTUARIAS LTDA,DESC   ,ENXOFRE A GRANEL,34000,5784-72024,565332024,B,ULTRAFERTIL,09791963
GRANEIS SOLIDOS - EXPORTACAO,THOR INDEPENDENCE,SINGAPURENSE,19011.5,Long,04/12/2024 12:36:00,5197-7,WILLIAMS SERVICOS MARITIMOS LTDA.,EMB ,ACUCAR A GRANEL,52407,5598-92024,546752024,B,16/17,09222510
GRANEIS SOLIDOS - EXPORTACAO,ANAIS,LIBERIANA,2259,Long,08/12/2024 17:30:00,5266-3,ROCHAMAR AGENCIA MARITIMA S/A,EMB ,ACUCAR A GRANEL,55279,5508-02024,536442024,B,16/17-19,09224025
GRANEIS SOLIDOS - EXPORTACAO,OMICRON NIKOS,LIBERIANA,22513.3,Long,10/12/2024 10:12:00,5288-4,BERNARDINO & DEMETRIO SANTOS AGENCIAMENTO MARITIMO LTDA,EMB ,GRAN.SOLIDO NAO ESPECIF,68519,5655-22024,549912024,B,39,09268980
GRANEIS SOLIDOS - EXPORTACAO,TIGER WEST,HONG KONG,2259,Long,10/12/2024 17:00:00,5293--,ROCHAMAR AGENCIA MARITIMA S/A,EMB ,GRAN.SOLIDO NAO ESPECIF,62700,5707-22024,553682024,B,39,09619866
GRANEIS SOLIDOS - EXPORTACAO,AFRICAN QUEEN,ILHAS MARSHALL,19012,Long,11/12/2024 05:35:00,5300-7,WILLIAMS SERVICOS MARITIMOS LTDA.,EMB ,ACUCAR A GRANEL,45000,5688-82024,554742024,B,20/21,09389930
GRANEIS SOLIDOS - EXPORTACAO,UNION VOYAGER,GREGA,22913,Long,12/12/2024 19:28:00,5320-1,ROCHAMAR AGENCIA MARITIMA S/A,EMB ,ACUCAR A GRANEL,77200,5666-42024,551922024,B,ULTRAF - 20/21,09628946
GRANEIS SOLIDOS - EXPORTACAO,DAIWAN KALON,PANAMENHA,1809,Long,13/12/2024 08:00:00,5328-7,ROCHAMAR AGENCIA MARITIMA S/A,EMB ,GRAN.SOLIDO NAO ESPECIF,30000,5521-62024,536332024,B,39,09709324
GRANEIS SOLIDOS - EXPORTACAO,HAROUN BEY,SIERRA LEOA,1699,Long,14/12/2024 04:20:00,5339-2,ROCHAMAR AGENCIA MARITIMA S/A,EMB ,ACUCAR A GRANEL,25300,5762-32024,564362024,B,16/17-19,09082609
GRANEIS SOLIDOS - EXPORTACAO,ALKYONI,ILHAS MARSHALL,1907,Long,14/12/2024 14:00:00,5347-3,ORION OPERACOES PORTUARIAS LTDA,EMB ,ACUCAR A GRANEL,48000,5644--2024,549022024,B,16/17,09624055
GRANEIS SOLIDOS - EXPORTACAO,ANDROMEDA,CIPRIOTA,20011,Long,15/12/2024 20:30:00,5370-8,WILHELMSEN PORT SERVICES BRASIL LTDA,EMB ,ACUCAR A GRANEL,24000,5751-12024,562052024,B,20/21,09705110
GRANEIS SOLIDOS - EXPORTACAO,ANNA-META,LIBERIANA,19012.2,Long,16/12/2024 20:44:00,5379-1,AGÊNCIA MARÍTIMA CARGONAVE (SP) LTDA.,EMB ,ACUCAR A GRANEL,52500,5689-42024,553602024,B,16/17-19,09514406
GRANEIS SOLIDOS - EXPORTACAO,EPOS,LIBERIANA,20010.9,Long,17/12/2024,,LBH BRASIL AG MARITIMO LTDA,EMB ,GRAN.SOLIDO NAO ESPECIF,18000,5585-42024,542902024,B,ULTRAFERTIL,09738210
GRANEIS SOLIDOS - EXPORTACAO,SINOP,MALTESA,20011.6,Long,17/12/2024 12:15:00,5388--,GEM SHIPPING LTDA,EMB ,ACUCAR A GRANEL,49500,5759-22024,565202024,B,20/21,09644184
GRANEIS SOLIDOS - EXPORTACAO,AGIA DOXA,LIBERIANA,1809.8,Long,21/12/2024 07:00:00,,WILLIAMS SERVICOS MARITIMOS LTDA.,EMB ,ACUCAR A GRANEL,31650,5770-62024,568362024,B,16/17,09467976
ROLL-IN-ROLL-OFF,DALIAN HIGHWAY,PANAMENHA,2008,Long,17/12/2024,,UNIMAR AGENCIAMENTOS MARITIMOS LTDA,EMB ,VEICULO,9,4874-22024,471142024,B,TEVI,09565560
ROLL-IN-ROLL-OFF,TORRENS,MALTESA,20010,Long,17/12/2024,,WILHELMSEN PORT SERVICES BRASIL LTDA,EMB ,VEICULO,3447,5638--2024,533712024,B,TEVI,09293612
ROLL-IN-ROLL-OFF,MORNING CONCERT,COREANA,2009,Long,17/12/2024 07:00:00,,WILHELMSEN PORT SERVICES BRASIL LTDA,EMBDESC,VEICULOVEICULO,452284,5749-72024,550532024,B,TEVI,09312822
ROLL-IN-ROLL-OFF,TOMBARRA,MALTESA,20010,Long,19/12/2024 16:38:00,,WILHELMSEN PORT SERVICES BRASIL LTDA,EMBDESC,VEICULOVEICULO,3261606,5752-82024,561162024,B,TEVI,09319753
ROLL-IN-ROLL-OFF,LEO SPIRIT,PANAMENHA,2008.5,Long,20/12/2024 10:00:00,,ROCHAMAR AGENCIA MARITIMA S/A,EMB ,VEICULOS/VRS/CCS.RO-RO,1632,5781-82024,569072024,B,TEVI,09620695
ROLL-IN-ROLL-OFF,LIBERTY,ESTADUNIDENSE,20010,Long,20/12/2024 11:27:00,,WILHELMSEN PORT SERVICES BRASIL LTDA,EMBDESC,VEICULOVEICULO,213943,5772-92024,553152024,B,TEVI,09310109
ROLL-IN-ROLL-OFF,GOODWOOD,LIBERIANA,2008.5,Long,21/12/2024 06:00:00,,UNIMAR AGENCIAMENTOS MARITIMOS LTDA,EMB ,VEICULO,9,5375-02024,525112024,B,TEVI,09701140
ROLL-IN-ROLL-OFF,ADRIATIC HIGHWAY,JAPONESA,2008,Long,27/12/2024 06:00:00,,UNIMAR AGENCIAMENTOS MARITIMOS LTDA,EMB ,VEICULO,9,5229-32024,507332024,B,TEVI,09442885
ROLL-IN-ROLL-OFF,CHESAPEAKE HIGHWAY,PANAMENHA,2008.5,Long,31/12/2024 06:00:00,,UNIMAR AGENCIAMENTOS MARITIMOS LTDA,EMB ,VEICULO,9,5376-62024,525212024,B,TEVI,09565546
ROLL-IN-ROLL-OFF,FLORIDA HIGHWAY,PANAMENHA,2008.5,Long,12/01/2025 06:00:00,,UNIMAR AGENCIAMENTOS MARITIMOS LTDA,EMB ,VEICULO,9800,5650--2024,533492024,B,TEVI,09442861
ROLL-IN-ROLL-OFF,ADRIATIC HIGHWAY,JAPONESA,2008.5,Long,28/01/2025 06:00:00,,UNIMAR AGENCIAMENTOS MARITIMOS LTDA,EMB ,VEICULO,9800,5731--2024,561992024,B,TEVI,09442885
LASH,BRAM ATLAS,BRASILEIRA,965,Long,17/12/2024,,UNIMAR AGENCIAMENTOS MARITIMOS LTDA,EMB ,CARGA GERAL,1,5603-22024,547692024,B,SAIPEN,09703629
LASH,C TEMPORAL,BRASILEIRA,171.6,Long,17/12/2024,,UNIMAR AGENCIAMENTOS MARITIMOS LTDA,EMB ,CARGA GERAL,1,5233--2024,506492024,B,CODESP-RUA,09999283
LASH,CBO FLAMENGO,BRASILEIRA,896,Long,17/12/2024,,UNIMAR AGENCIAMENTOS MARITIMOS LTDA,EMB ,CARGA GERAL,1,5331-22024,512692024,B,SAIPEN,09578880
LASH,CBO IPANEMA,BRASILEIRA,896,Long,17/12/2024,,UNIMAR AGENCIAMENTOS MARITIMOS LTDA,EMB ,CARGA GERAL,1,5307-42024,512682024,B,SAIPEN,09627631
LASH,HOS TAURUS (REB),BRASILEIRA,855,Long,17/12/2024,,UNIMAR AGENCIAMENTOS MARITIMOS LTDA,EMB ,CARGA GERAL,1,5405-62024,527222024,B,SAIPEN,09385271
LASH,NORMAND MAXIMUS,NORUEGUESA,1787,Long,17/12/2024,,UNIMAR AGENCIAMENTOS MARITIMOS LTDA,EMB ,CARGA GERAL,1,4819-12024,469632024,B,SAIPEN,09744518
LASH,SKANDI AMAZONAS,BRASILEIRA,957,Long,17/12/2024,,UNIMAR AGENCIAMENTOS MARITIMOS LTDA,EMB ,CARGA GERAL,1,5313-42024,512442024,B,SAIPEN,09528328
LASH,SKANDI ANGRA,BRASILEIRA,946,Long,17/12/2024,,UNIMAR AGENCIAMENTOS MARITIMOS LTDA,EMB ,CARGA GERAL,1,5274-92024,510242024,B,SAIPEN,09600580
LASH,SKANDI ANGRA,BRASILEIRA,947,Long,17/12/2024,,UNIMAR AGENCIAMENTOS MARITIMOS LTDA,EMB ,CARGA GERAL,1,5026-52024,488762024,B,SAIPEN,09600580
LASH,SKANDI IGUAÇU,BRASILEIRA,955,Long,17/12/2024,,UNIMAR AGENCIAMENTOS MARITIMOS LTDA,EMB ,CARGA GERAL,1,5249-42024,509612024,B,SAIPEN,09528354
LASH,SKANDI IGUAÇU,BRASILEIRA,955,Long,17/12/2024,,UNIMAR AGENCIAMENTOS MARITIMOS LTDA,EMB ,CARGA GERAL,1,5606-12024,547992024,B,SAIPEN,09528354
LASH,BRAM ATLAS,BRASILEIRA,965,Long,20/12/2024 06:00:00,,UNIMAR AGENCIAMENTOS MARITIMOS LTDA,EMB ,CARGA GERAL,1,5556-42024,540682024,B,SAIPEN,09703629
LASH,BRAM TITAN,BRASILEIRA,965,Long,20/12/2024 06:00:00,,UNIMAR AGENCIAMENTOS MARITIMOS LTDA,EMB ,CARGA GERAL,1,5559-32024,540732024,B,SAIPEN,09999309
LASH,HOS COLT,MEXICANA,825,Long,20/12/2024 06:00:00,,UNIMAR AGENCIAMENTOS MARITIMOS LTDA,EMB ,CARGA GERAL,1,5656-92024,552172024,B,SAIPEN,09686156
LASH,HOS TAURUS (REB),BRASILEIRA,855,Long,20/12/2024 06:00:00,,UNIMAR AGENCIAMENTOS MARITIMOS LTDA,EMB ,CARGA GERAL,1,5570-72024,542362024,B,SAIPEN,09385271
LASH,NORMAND MAXIMUS,NORUEGUESA,1787,Long,20/12/2024 06:00:00,,UNIMAR AGENCIAMENTOS MARITIMOS LTDA,EMB ,CARGA GERAL,1,5558-72024,540662024,B,SAIPEN,09744518
LASH,BRAM TITAN,BRASILEIRA,965,Long,15/01/2025 06:00:00,,UNIMAR AGENCIAMENTOS MARITIMOS LTDA,EMB ,CARGA GERAL,1,5680-72024,554682024,B,SAIPEN,09999309
LASH,SKANDI AMAZONAS,BRASILEIRA,955,Long,15/01/2025 06:00:00,,UNIMAR AGENCIAMENTOS MARITIMOS LTDA,EMB ,CARGA GERAL,1,5605-52024,548032024,B,SAIPEN,09528328
LASH,CBO FLAMENGO,BRASILEIRA,895,Long,20/02/2025 06:00:00,,UNIMAR AGENCIAMENTOS MARITIMOS LTDA,EMB ,CARGA GERAL,1,5682-02024,553972024,B,SAIPEN,09578880
LASH,CBO IPANEMA,BRASILEIRA,895,Long,20/02/2025 06:00:00,,UNIMAR AGENCIAMENTOS MARITIMOS LTDA,EMB ,CARGA GERAL,1,5683-62024,553982024,B,SAIPEN,09627631
CABOTAGEM,GREEN ITAQUI,LIBERIANA,22512.8,Long,17/12/2024,,UNIMAR AGENCIAMENTOS MARITIMOS LTDA,DESC   ,CARGA GERAL,1019,4395-72024,418512024,B,TECONDI,09976410
CABOTAGEM,GREEN KOTKA,PANAMENHA,22710,Long,17/12/2024,,WILHELMSEN PORT SERVICES BRASIL LTDA,EMB ,PAPEL E CELULOSE,17250,5756-32024,553092024,B,EPORT 1/TECON 1,09976056
CABOTAGEM,STAR JUVENTAS,NORUEGUESA,1987.4,Long,18/12/2024 12:00:00,,"WILSON SONS S/A - COMERCIO, INDUSTRIA E AGENCIA DE NAVEGACAO",EMB ,PAPEL E CELULOSE,23000,5755-72024,562582024,B,EPORT 1/TECON 1,09254642
CABOTAGEM,GREEN MUNGUBA,LIBERIANA,22512.7,Long,19/12/2024 06:00:00,,"WILSON SONS S/A - COMERCIO, INDUSTRIA E AGENCIA DE NAVEGACAO",EMB ,PAPEL E CELULOSE,60000,5699-02024,553502024,B,35/37,09976496
CABOTAGEM,SAGA ADVENTURE,HONG KONG,1999,Long,20/12/2024 10:00:00,,LACHMANN AGENCIA MARITIMA LTDA,EMB ,PAPEL E CELULOSE,23000,5712-62024,560052024,B,CODESP-RUA,09317406
CABOTAGEM,DUNNII,ILHAS MARSHALL,2027,Long,20/12/2024 13:00:00,,"WILSON SONS S/A - COMERCIO, INDUSTRIA E AGENCIA DE NAVEGACAO",EMB ,PAPEL E CELULOSE,23410,5764-62024,566072024,B,EPORT 1/TECON 1,09824978
CABOTAGEM,STAR NAVARRA,ILHAS MARSHALL,20012.1,Long,21/12/2024 10:22:00,,"WILSON SONS S/A - COMERCIO, INDUSTRIA E AGENCIA DE NAVEGACAO",EMB ,PAPEL E CELULOSE,31645,5705-02024,557432024,B,EPORT 1/TECON 1,09548823
CABOTAGEM,BBC PHILIPPINES,ANTIGUANA,1478,Long,21/12/2024 13:00:00,,BPA AGENCIAMENTOS MARITIMOS LTDA.,EMB ,CARGA GERAL,150,5760--2024,565262024,B,TECONDI,09963401
CABOTAGEM,GRANDIS,ILHAS MARSHALL,20213,Long,30/12/2024 06:00:00,,"WILSON SONS S/A - COMERCIO, INDUSTRIA E AGENCIA DE NAVEGACAO",EMB ,PAPEL E CELULOSE,45000,5757-02024,562162024,B,EPORT 1/TECON 1,09824980
CONTEINERES,MSC LOS ANGELES,LIBERIANA,27610.1,Long,13/06/2024 10:00:00,2555--,MSC MEDITERRANEAN SHIPPING DO BRASIL LTDA.,EMBDESC,CONTEINERES CHEIOSCONTEINERES CHEIOS,180018000,2453-02024,241782024,B,B.T.P. 1,09327798
CONTEINERES,ALS VESTA,SINGAPURENSE,2099,Long,05/08/2024 16:00:00,3382--,ZIM DO BRASIL LTDA.,EMBDESC,CONTEINERES CHEIOSCONTEINERES CHEIOS,18001800,3335--2024,324552024,B,TECON,09525950
CONTEINERES,MAIPO,LIBERIANA,3067,Long,24/11/2024 17:00:00,5059-8,ROCHAMAR AGENCIA MARITIMA S/A,EMB ,CONTEINERES CHEIOSCONTEINERES CHEIOS,1620,4929-12024,480952024,B,EPORT 1/TECON 1,09400083
CONTEINERES,GREENVILLE,MALTESA,27213,Long,06/12/2024 11:00:00,5234-5,MSC MEDITERRANEAN SHIPPING DO BRASIL LTDA.,EMBDESC,CONTEINERES CHEIOSCONTEINERES CHEIOS,100100,5413-92024,526282024,B,B.T.P./TECON,09970014
CONTEINERES,YM CAPACITY,SINGAPURENSE,2108,Long,09/12/2024 13:00:00,5274-4,UNIMAR AGENCIAMENTOS MARITIMOS LTDA,EMBDESC,CONTEINERES CHEIOSCONTEINERES CHEIOS,126004500,5658-12024,547352024,B,TECON,09864540
CONTEINERES,LOG-IN DISCOVERY (REB S/L,BRASILEIRA,2098.1,Cabo,12/12/2024 00:28:00,5306-6,MSC MEDITERRANEAN SHIPPING DO BR,EMBDESC,CONTEINERES CHEIOSCONTEINERES CHEIOS,72007200,5626-22024,548302024,B,EPORT 1/TECON 1,09506394
CONTEINERES,MSC CADIZ,ALEMA,27013.5,Long,13/12/2024 19:30:00,5336-8,MSC MEDITERRANEAN SHIPPING DO BRASIL LTDA.,EMBDESC,CONTEINERES CHEIOSCONTEINERES CHEIOS,126001800,5609--2024,548132024,B,B.T.P. 1,09480203
CONTEINERES,CMA CGM MERCANTOUR,LIBERIANA,25510,Long,14/12/2024 23:42:00,5350-3,UNIMAR AGENCIAMENTOS MARITIMOS LTDA,EMBDESC,CONTEINERES CHEIOSCONTEINERES CHEIOS,18001800,5700-82024,557632024,B,EPORT 1/TECON 1,09969089
CONTEINERES,MSC PHOENIX,LIBERIANA,3009,Long,15/12/2024 03:18:00,5352-0,MSC MEDITERRANEAN SHIPPING DO BRASIL LTDA.,EMBDESC,CONTEINERES CHEIOSCONTEINERES CHEIOS,190018100,5515-62024,535892024,B,EPORT 1/TECON 1,09267649
CONTEINERES,LE HAVRE EXPRESS,LIBERIANA,2939,Long,15/12/2024 11:36:00,5361-9,ROCHAMAR AGENCIA MARITIMA S/A,EMBDESC,CONTEINERES CHEIOSCONTEINERES CHEIOS,18666126,5541-72024,539192024,B,EPORT 1/TECON 1,09332872
CONTEINERES,JAZAN,LIBERIANA,3069,Long,15/12/2024 18:30:00,5368-6,ROCHAMAR AGENCIA MARITIMA S/A,EMBDESC,CONTEINERES CHEIOSCONTEINERES CHEIOS,162015300,5624-02024,548332024,B,EPORT 1/TECON 1,09349540
CONTEINERES,EVER FASHION,LIBERIANA,33413.5,Long,15/12/2024 20:20:00,5369-4,EVERGREEN SHIPPING AGENCY(BR) SA,EMBDESC,CONTEINERES CHEIOSCONTEINERES CHEIOS,21600180,5718-42024,560312024,B,EPORT 1/TECON 1,09850836
CONTEINERES,CONTI MAKALU,LIBERIANA,33413.8,Long,15/12/2024 22:02:00,5371-6,MSC MEDITERRANEAN SHIPPING DO BRASIL LTDA.,EMBDESC,CONTEINERES CHEIOSCONTEINERES CHEIOS,270001800,5502-12024,535342024,B,B.T.P. 1,09286243
CONTEINERES,ALS VESTA,SINGAPURENSE,2098,Long,16/12/2024 17:00:00,5377-5,ZIM DO BRASIL LTDA.,EMBDESC,CONTEINERES CHEIOSCONTEINERES CHEIOS,18001800,5479-02024,533132024,B,TECON,09525950
CONTEINERES,ALESSIA,LIBERIANA,30013.1,Long,17/12/2024,,COSCO BRASIL S/A,EMBDESC,CONTEINERES CHEIOSCONTEINERES CHEIOS,360010800,5588-32024,542582024,B,EPORT 1/TECON 1,09225653
CONTEINERES,ALS VESTA,SINGAPURENSE,2098,Long,17/12/2024,,ZIM DO BRASIL LTDA.,EMBDESC,CONTEINERES CHEIOSCONTEINERES CHEIOS,54005400,5478-32024,530372024,B,TECON,09525950
CONTEINERES,ANL WANGARATTA,MALTESA,26110,Long,17/12/2024,,UNIMAR AGENCIAMENTOS MARITIMOS LTDA,EMBDESC,CONTEINERES CHEIOSCONTEINERES CHEIOS,18001800,5678-22024,554462024,B,TECON,09334167
CONTEINERES,AS CASPRIA,LIBERIANA,2259.1,Long,17/12/2024,,ZIM DO BRASIL LTDA.,EMBDESC,CONTEINERES CHEIOSCONTEINERES CHEIOS,18001800,3529-02024,348882024,B,TECON,09399753
CONTEINERES,BF HAMBURG,LIBERIANA,29310.4,Long,17/12/2024,,MSC MEDITERRANEAN SHIPPING DO BRASIL LTDA.,EMBDESC,CONTEINERES CHEIOSCONTEINERES CHEIOS,180014400,4464-92024,435042024,B,B.T.P. 1,09332860
CONTEINERES,BRIGHT,PORTUGUESA,1869,Long,17/12/2024,,ZIM DO BRASIL LTDA.,EMBDESC,CONTEINERES CHEIOSCONTEINERES CHEIOS,54005400,4749-32024,453742024,B,TECON,09778399
CONTEINERES,CARTAGENA EXPRESS,ALEMA,33314,Long,17/12/2024,,ROCHAMAR AGENCIA MARITIMA S/A,EMBDESC,CONTEINERES CHEIOSCONTEINERES CHEIOS,108026226,5488-92024,529702024,B,B.T.P. 1,09777618
CONTEINERES,CAUQUENES,LIBERIANA,30012,Long,17/12/2024,,ROCHAMAR AGENCIA MARITIMA S/A,EMBDESC,CONTEINERES CHEIOSCONTEINERES CHEIOS,17370360,5296-22024,514462024,B,B.T.P. 2,09687552
CONTEINERES,COSCO SHIPPING CHILE,HONG KONG,33614.3,Long,17/12/2024,,COSCO BRASIL S/A,EMBDESC,CONTEINERES CHEIOSCONTEINERES CHEIOS,54005400,5652-32024,549662024,B,TECON,09945887
CONTEINERES,IRENES RESOLVE,LIBERIANA,25712,Long,17/12/2024,,ROCHAMAR AGENCIA MARITIMA S/A,EMBDESC,CONTEINERES CHEIOSCONTEINERES CHEIOS,4536360,5443-52024,529832024,B,TECON,09227273
CONTEINERES,KOTA PELANGI,SINGAPURENSE,3308,Long,17/12/2024,,UNIMAR AGENCIAMENTOS MARITIMOS LTDA,EMBDESC,CONTEINERES CHEIOSCONTEINERES CHEIOS,126004500,5625-62024,549312024,B,EPORT 1/TECON 1,09786748
CONTEINERES,KURE,LIBERIANA,3189.6,Long,17/12/2024,,MSC MEDITERRANEAN SHIPPING DO BRASIL LTDA.,EMBDESC,CONTEINERES CHEIOSCONTEINERES CHEIOS,180014400,5500-92024,535722024,B,B.T.P. 1,09085522
CONTEINERES,LOG-IN EVOLUTION,BRASILEIRA,2008.1,Cabo,17/12/2024,,MSC MEDITERRANEAN SHIPPING DO BR,EMBDESC,CONTEINERES CHEIOSCONTEINERES CHEIOS,72007200,1621-62024,159252024,B,EPORT 1/TECON 1,09961960
CONTEINERES,LOG-IN POLARIS,BRASILEIRA,1868.1,Cabo,17/12/2024,,MSC MEDITERRANEAN SHIPPING DO BR,EMBDESC,CONTEINERES CHEIOSCONTEINERES CHEIOS,72007200,4225-42024,413192024,B,EPORT 1/TECON 1,09852365
CONTEINERES,MAERSK GANGES (REB),BRASILEIRA,2559,Cabo,17/12/2024,,LACHMANN AGENCIA MARITIMA LTDA,EMBDESC,CONTEINERES CHEIOSCONTEINERES CHEIOS,18001800,5316-32024,516222024,B,TECON,09694581
CONTEINERES,MSC ADONIS,LIBERIANA,30010,Long,17/12/2024,,MSC MEDITERRANEAN SHIPPING DO BRASIL LTDA.,EMBDESC,CONTEINERES CHEIOSCONTEINERES CHEIOS,180012600,5480-82024,533022024,B,TECON,09706310
CONTEINERES,MSC ALICANTE,MALTESA,27110.4,Long,17/12/2024,,MSC MEDITERRANEAN SHIPPING DO BRASIL LTDA.,EMBDESC,CONTEINERES CHEIOSCONTEINERES CHEIOS,180014400,4123-72024,405642024,B,B.T.P. 1,09480174
CONTEINERES,MSC ALIYA,LIBERIANA,36611.3,Long,17/12/2024,,MSC MEDITERRANEAN SHIPPING DO BRASIL LTDA.,EMBDESC,CONTEINERES CHEIOSCONTEINERES CHEIOS,180027000,5195-12024,503422024,B,B.T.P. 1,09842097
CONTEINERES,MSC BARCELONA,MALTESA,27010.4,Long,17/12/2024,,MSC MEDITERRANEAN SHIPPING DO BRASIL LTDA.,EMB ,CONTEINERES CHEIOSCONTEINERES CHEIOS,1800,1606-72024,157952024,B,B.T.P. 1,09480186
CONTEINERES,MSC CARMELITA,LIBERIANA,36611.3,Long,17/12/2024,,MSC MEDITERRANEAN SHIPPING DO BRASIL LTDA.,EMBDESC,CONTEINERES CHEIOSCONTEINERES CHEIOS,180027000,5187-92024,503382024,B,B.T.P. 1,09946879
CONTEINERES,MSC CLEA,PORTUGUESA,30013.8,Long,17/12/2024,,MSC MEDITERRANEAN SHIPPING DO BRASIL LTDA.,EMBDESC,CONTEINERES CHEIOSCONTEINERES CHEIOS,270001800,5192-22024,504672024,B,B.T.P. 1,09720524
CONTEINERES,MSC DOMITILLE,PORTUGUESA,30013.8,Long,17/12/2024,,MSC MEDITERRANEAN SHIPPING DO BRASIL LTDA.,EMBDESC,CONTEINERES CHEIOSCONTEINERES CHEIOS,270001800,5188-52024,503012024,B,B.T.P. 1,09720201
CONTEINERES,MSC EUGENIA,LIBERIANA,3289.6,Long,17/12/2024,,MSC MEDITERRANEAN SHIPPING DO BRASIL LTDA.,EMBDESC,CONTEINERES CHEIOSCONTEINERES CHEIOS,180018000,5486-62024,531752024,B,B.T.P. 1,09785469
CONTEINERES,MSC MADHU B,PORTUGUESA,23013,Long,17/12/2024,,MSC MEDITERRANEAN SHIPPING DO BRASIL LTDA.,EMBDESC,CONTEINERES CHEIOSCONTEINERES CHEIOS,270001800,5607-82024,547932024,B,B.T.P. 1,09778088
CONTEINERES,MSC MAXINE,PORTUGUESA,30010,Long,17/12/2024,,MSC MEDITERRANEAN SHIPPING DO BRASIL LTDA.,EMBDESC,CONTEINERES CHEIOSCONTEINERES CHEIOS,180012600,4334-82024,424612024,B,TECON,09720287
CONTEINERES,MSC NOA,LIBERIANA,30410.4,Long,17/12/2024,,MSC MEDITERRANEAN SHIPPING DO BRASIL LTDA.,EMBDESC,CONTEINERES CHEIOSCONTEINERES CHEIOS,180014400,4909--2024,472922024,B,B.T.P. 1,09398228
CONTEINERES,MSC ORION,PORTUGUESA,36613.8,Long,17/12/2024,,MSC MEDITERRANEAN SHIPPING DO BRASIL LTDA.,EMBDESC,CONTEINERES CHEIOSCONTEINERES CHEIOS,270001800,5491-02024,531962024,B,B.T.P. 1,09857157
CONTEINERES,MSC QINGDAO,LIBERIANA,32311.3,Long,17/12/2024,,MSC MEDITERRANEAN SHIPPING DO BRASIL LTDA.,EMB ,CONTEINERES CHEIOSCONTEINERES CHEIOS,1800,5619-62024,548452024,B,B.T.P. 1,09256470
CONTEINERES,MSC SANTA MARIA,PANAMENHA,29413.7,Long,17/12/2024,,MSC MEDITERRANEAN SHIPPING DO BRASIL LTDA.,EMBDESC,CONTEINERES CHEIOSCONTEINERES CHEIOS,270001800,5377-22024,524422024,B,B.T.P. 1,09290426
CONTEINERES,NC BRISA (REB S/L),BRASILEIRA,2249,Cabo,17/12/2024,,ROCHAMAR AGENCIA MARITIMA S/A,EMBDESC,CONTEINERES CHEIOSCONTEINERES CHEIOS,45006300,5439-82024,529672024,B,TECON,09612789
CONTEINERES,ONE PARANA,HONG KONG,33014.5,Long,17/12/2024,,OCEAN NETWORK EXPRESS (LATIN AMERICA) AGENCIA MARITIMA LTDA,EMBDESC,CONTEINERES CHEIOSCONTEINERES CHEIOS,153001530,4674-32024,455372024,B,B.T.P. 1,09937335
CONTEINERES,RDO FORTUNE,LIBERIANA,25610,Long,17/12/2024,,ROCHAMAR AGENCIA MARITIMA S/A,EMBDESC,CONTEINERES CHEIOSCONTEINERES CHEIOS,16956486,5441-22024,529942024,B,TECON,09623673
CONTEINERES,TOKYO BAY,LIBERIANA,2717,Long,17/12/2024,,ROCHAMAR AGENCIA MARITIMA S/A,EMBDESC,CONTEINERES CHEIOSCONTEINERES CHEIOS,162015300,4516-92024,439482024,B,EPORT 1/TECON 1,09629380
CONTEINERES,TRAIGUEN,LIBERIANA,3009,Long,17/12/2024,,LACHMANN AGENCIA MARITIMA LTDA,EMBDESC,CONTEINERES CHEIOSCONTEINERES CHEIOS,18001800,5184-02024,495552024,B,B.T.P. 1,09627904
CONTEINERES,XIAMEN EXPRESS,HONG KONG,3367,Long,17/12/2024,,ROCHAMAR AGENCIA MARITIMA S/A,EMBDESC,CONTEINERES CHEIOSCONTEINERES CHEIOS,36035802,5584-82024,538882024,B,B.T.P. 1,09630420
CONTEINERES,CMA CGM PLATON,MALTESA,1709.4,Long,17/12/2024 00:01:00,5382-1,UNIMAR AGENCIAMENTOS MARITIMOS LTDA,EMBDESC,CONTEINERES CHEIOSCONTEINERES CHEIOS,18001800,5698-32024,557102024,B,TECON,09362437
CONTEINERES,XIN WEI HAI,CHINESA,26310.4,Long,17/12/2024 00:01:00,5381-3,COSCO BRASIL S/A,EMBDESC,CONTEINERES CHEIOSCONTEINERES CHEIOS,36003600,5627-92024,494862024,B,EPORT 1/TECON 1,09312573
CONTEINERES,MAERSK LAGUNA,DINAMARQUESA,3009,Long,17/12/2024 01:00:00,,LACHMANN AGENCIA MARITIMA LTDA,EMBDESC,CONTEINERES CHEIOSCONTEINERES CHEIOS,18001800,5222-92024,507022024,B,B.T.P. 1,09526942
CONTEINERES,LOG-IN EXPERIENCE (REB),BRASILEIRA,2008.1,Cabo,17/12/2024 11:00:00,,MSC MEDITERRANEAN SHIPPING DO BR,EMBDESC,CONTEINERES CHEIOSCONTEINERES CHEIOS,72007200,5701-42024,557912024,B,EPORT 1/TECON 1,09961972
CONTEINERES,CAPE BYRON,ILHAS MARSHALL,1728,Long,17/12/2024 13:00:00,,UNIMAR AGENCIAMENTOS MARITIMOS LTDA,EMBDESC,CONTEINERES CHEIOSCONTEINERES CHEIOS,126004500,5647-02024,551392024,B,EPORT 1/TECON 1,09950090
CONTEINERES,MONTE VERDE,SINGAPURENSE,2729,Long,18/12/2024 01:00:00,,LACHMANN AGENCIA MARITIMA LTDA,EMBDESC,CONTEINERES CHEIOSCONTEINERES CHEIOS,18001800,5437-52024,527672024,B,TECON,09283239
CONTEINERES,CMA CGM VERACRUZ (REB S/L,BRASILEIRA,2298,Cabo,18/12/2024 15:00:00,,UNIMAR AGENCIAMENTOS MARITIMOS LTDA,EMBDESC,CONTEINERES CHEIOSCONTEINERES CHEIOS,18001800,5727-32024,561762024,B,EPORT 1/TECON 1,09418377
CONTEINERES,LOG-IN PANTANAL (REB),BRASILEIRA,1838.1,Cabo,18/12/2024 17:00:00,,MSC MEDITERRANEAN SHIPPING DO BR,EMBDESC,CONTEINERES CHEIOSCONTEINERES CHEIOS,72007200,5710-32024,557952024,B,TECON,09351799
CONTEINERES,HYUNDAI FAITH,ILHAS MARSHALL,34010,Long,18/12/2024 18:00:00,,UNIMAR AGENCIAMENTOS MARITIMOS LTDA,EMBDESC,CONTEINERES CHEIOSCONTEINERES CHEIOS,126004500,5681-32024,553952024,B,EPORT 1/TECON 1,09347554
CONTEINERES,MSC DAKAR X,PORTUGUESA,3009.6,Long,18/12/2024 18:00:00,,MSC MEDITERRANEAN SHIPPING DO BRASIL LTDA.,EMBDESC,CONTEINERES CHEIOSCONTEINERES CHEIOS,180018000,5664-12024,552392024,B,B.T.P. 1,09605231
CONTEINERES,PEDRO ÁLVARES CABRAL,BRASILEIRA,2289,Cabo,19/12/2024,,LACHMANN AGENCIA MARITIMA LTDA,EMBDESC,CONTEINERES CHEIOSCONTEINERES CHEIOS,36003600,5015-32024,486742024,B,B.T.P.  / TECON,09603219
CONTEINERES,BARTOLOMEU DIAS,BRASILEIRA,2559,Cabo,19/12/2024 01:00:00,,LACHMANN AGENCIA MARITIMA LTDA,EMB ,CONTEINERES CHEIOSCONTEINERES CHEIOS,1800,5315-72024,516262024,B,TECON,09625384
CONTEINERES,ALESSIA,LIBERIANA,30013.7,Long,19/12/2024 07:00:00,,COSCO BRASIL S/A,EMBDESC,CONTEINERES CHEIOSCONTEINERES CHEIOS,108003600,5726-72024,560882024,B,EPORT 1/TECON 1,09225653
CONTEINERES,MSC AINO,LIBERIANA,32811.3,Long,19/12/2024 08:00:00,,MSC MEDITERRANEAN SHIPPING DO BRASIL LTDA.,EMBDESC,CONTEINERES CHEIOSCONTEINERES CHEIOS,180027000,5735-62024,557652024,B,B.T.P. 1,09770751
CONTEINERES,MSC ARICA,LIBERIANA,29914.2,Long,19/12/2024 10:00:00,,MSC MEDITERRANEAN SHIPPING DO BRASIL LTDA.,EMBDESC,CONTEINERES CHEIOSCONTEINERES CHEIOS,180001800,5742-22024,559872024,B,B.T.P. 1,09619452
CONTEINERES,CMA CGM COLUMBIA,MALTESA,30010,Long,19/12/2024 12:00:00,,UNIMAR AGENCIAMENTOS MARITIMOS LTDA,EMBDESC,CONTEINERES CHEIOSCONTEINERES CHEIOS,18001800,5732-72024,562012024,B,B.T.P. 1,09722663
CONTEINERES,AS SABINE,LIBERIANA,1729,Long,20/12/2024 01:00:00,,LACHMANN AGENCIA MARITIMA LTDA,EMBDESC,CONTEINERES CHEIOSCONTEINERES CHEIOS,18001800,5430--2024,495632024,B,TECON,09813802
CONTEINERES,PL GERMANY,SINGAPURENSE,2819,Long,20/12/2024 01:00:00,,LACHMANN AGENCIA MARITIMA LTDA,EMBDESC,CONTEINERES CHEIOSCONTEINERES CHEIOS,18001800,5423-42024,504702024,B,B.T.P. 1,09288394
CONTEINERES,KURE,LIBERIANA,31813.5,Long,20/12/2024 03:00:00,,MSC MEDITERRANEAN SHIPPING DO BRASIL LTDA.,EMBDESC,CONTEINERES CHEIOSCONTEINERES CHEIOS,126001800,5734-02024,557992024,B,B.T.P. 1,09085522
CONTEINERES,EVER LINKING,REINO UNIDO,33513.5,Long,20/12/2024 07:00:00,,EVERGREEN SHIPPING AGENCY(BR) SA,EMBDESC,CONTEINERES CHEIOSCONTEINERES CHEIOS,27028800,5745-12024,561782024,B,EPORT 1/TECON 1,09629043
CONTEINERES,BREMEN BELLE,SINGAPURENSE,2819,Long,21/12/2024 01:00:00,,LACHMANN AGENCIA MARITIMA LTDA,EMBDESC,CONTEINERES CHEIOSCONTEINERES CHEIOS,18001800,5196-82024,495662024,B,B.T.P. 1,09367188
CONTEINERES,MONTE TAMARO,SINGAPURENSE,2739,Long,21/12/2024 01:00:00,,LACHMANN AGENCIA MARITIMA LTDA,EMBDESC,CONTEINERES CHEIOSCONTEINERES CHEIOS,18001800,5481-42024,533452024,B,TECON,09357949
CONTEINERES,SAN AUGUSTIN MAERSK,DINAMARQUESA,3339,Long,21/12/2024 01:00:00,,LACHMANN AGENCIA MARITIMA LTDA,EMBDESC,CONTEINERES CHEIOSCONTEINERES CHEIOS,18001800,5442-92024,495582024,B,TECON,09622239
CONTEINERES,COSCO SHIPPING ARGENTINA,HONG KONG,33612.3,Long,21/12/2024 07:00:00,,COSCO BRASIL S/A,EMBDESC,CONTEINERES CHEIOSCONTEINERES CHEIOS,108003600,5720-92024,561012024,B,TECON,09945849
CONTEINERES,CMA CGM PARATY,MALTESA,33610,Long,21/12/2024 13:00:00,,UNIMAR AGENCIAMENTOS MARITIMOS LTDA,EMBDESC,CONTEINERES CHEIOSCONTEINERES CHEIOS,18001800,5774-12024,569392024,B,TECON,09938262
CONTEINERES,MSC JUSTICE VIII,PORTUGUESA,33313.8,Long,21/12/2024 13:00:00,,MSC MEDITERRANEAN SHIPPING DO BRASIL LTDA.,EMBDESC,CONTEINERES CHEIOSCONTEINERES CHEIOS,270001800,5744-52024,558032024,B,B.T.P. 1,09450351
CONTEINERES,NAVEGANTES EXPRESS,SINGAPURENSE,3307,Long,21/12/2024 14:17:00,,ROCHAMAR AGENCIA MARITIMA S/A,EMBDESC,CONTEINERES CHEIOSCONTEINERES CHEIOS,36035802,5777--2024,569152024,B,B.T.P. 1,09793935
CONTEINERES,MAERSK LANCO,DINAMARQUESA,3009,Long,22/12/2024 01:00:00,,LACHMANN AGENCIA MARITIMA LTDA,EMBDESC,CONTEINERES CHEIOSCONTEINERES CHEIOS,18001800,5431-72024,501922024,B,TECON,09527049
CONTEINERES,MAERSK LOTA,DINAMARQUESA,3009,Long,22/12/2024 01:00:00,,LACHMANN AGENCIA MARITIMA LTDA,EMBDESC,CONTEINERES CHEIOSCONTEINERES CHEIOS,18001800,5424--2024,526632024,B,B.T.P. 1,09526954
CONTEINERES,MSC ADONIS,LIBERIANA,30014.2,Long,22/12/2024 05:00:00,,MSC MEDITERRANEAN SHIPPING DO BRASIL LTDA.,EMBDESC,CONTEINERES CHEIOSCONTEINERES CHEIOS,180001800,5733-32024,558092024,B,B.T.P. 1,09706310
CONTEINERES,LOG-IN POLARIS,BRASILEIRA,1868.1,Cabo,22/12/2024 12:00:00,,MSC MEDITERRANEAN SHIPPING DO BR,EMBDESC,CONTEINERES CHEIOSCONTEINERES CHEIOS,72007200,5711-02024,558882024,B,TECON,09852365
CONTEINERES,RDO ENDEAVOUR,LIBERIANA,2859.9,Long,22/12/2024 17:00:00,,OCEAN NETWORK EXPRESS (LATIN AMERICA) AGENCIA MARITIMA LTDA,EMBDESC,CONTEINERES CHEIOSCONTEINERES CHEIOS,153015300,5231-82024,507902024,B,EPORT 1/TECON 1,09302102
CONTEINERES,MAERSK REDWOOD,SINGAPURENSE,2009,Long,23/12/2024 01:00:00,,LACHMANN AGENCIA MARITIMA LTDA,EMBDESC,CONTEINERES CHEIOSCONTEINERES CHEIOS,18001800,5164-92024,501512024,B,TECON,09943085
CONTEINERES,SAN NICOLAS MAERSK,DINAMARQUESA,3339,Long,23/12/2024 01:00:00,,LACHMANN AGENCIA MARITIMA LTDA,EMBDESC,CONTEINERES CHEIOSCONTEINERES CHEIOS,18001800,5173-82024,495472024,B,TECON,09622203
CONTEINERES,XIN CHONG QING,CHINESA,26310,Long,23/12/2024 07:00:00,,COSCO BRASIL S/A,EMBDESC,CONTEINERES CHEIOSCONTEINERES CHEIOS,360010800,5728-02024,561122024,B,EPORT 1/TECON 1,09262118
CONTEINERES,CISNES,LIBERIANA,30012,Long,23/12/2024 10:00:00,,ROCHAMAR AGENCIA MARITIMA S/A,EMBDESC,CONTEINERES CHEIOSCONTEINERES CHEIOS,108026226,5564-72024,540842024,B,B.T.P. 2,09687576
CONTEINERES,NC BREDA (REB S/L),BRASILEIRA,22412,Cabo,23/12/2024 10:00:00,,ROCHAMAR AGENCIA MARITIMA S/A,EMBDESC,CONTEINERES CHEIOSCONTEINERES CHEIOS,45006300,5595-02024,543492024,B,TECON,09612765
CONTEINERES,ONE AMAZON,HONG KONG,33014.5,Long,23/12/2024 11:00:00,,OCEAN NETWORK EXPRESS (LATIN AMERICA) AGENCIA MARITIMA LTDA,EMBDESC,CONTEINERES CHEIOSCONTEINERES CHEIOS,153001530,5213-02024,505472024,B,B.T.P. 1,09937323
CONTEINERES,ANNIE B,LIBERIANA,2229,Long,23/12/2024 12:06:00,,ZIM DO BRASIL LTDA.,EMBDESC,CONTEINERES CHEIOSCONTEINERES CHEIOS,54005400,5615--2024,547482024,B,TECON,09253026
CONTEINERES,MSC PETRA,LIBERIANA,30010.4,Long,23/12/2024 18:00:00,,MSC MEDITERRANEAN SHIPPING DO BRASIL LTDA.,EMBDESC,CONTEINERES CHEIOSCONTEINERES CHEIOS,180014400,5743-92024,562062024,B,B.T.P. 1,09222302
CONTEINERES,MAERSK LIRQUEN,DINAMARQUESA,3009,Long,24/12/2024 01:00:00,,LACHMANN AGENCIA MARITIMA LTDA,EMBDESC,CONTEINERES CHEIOSCONTEINERES CHEIOS,18001800,5451-82024,502012024,B,B.T.P. 1,09526887
CONTEINERES,MSC ATHENS,LIBERIANA,30013.2,Long,24/12/2024 01:00:00,,MSC MEDITERRANEAN SHIPPING DO BRASIL LTDA.,EMBDESC,CONTEINERES CHEIOSCONTEINERES CHEIOS,180001800,5779-32024,569012024,B,B.T.P. 1,09618305
CONTEINERES,HYUNDAI COLOMBO,COREANA,30410,Long,25/12/2024 18:00:00,,UNIMAR AGENCIAMENTOS MARITIMOS LTDA,EMBDESC,CONTEINERES CHEIOSCONTEINERES CHEIOS,126004500,5702--2024,558372024,B,EPORT 1/TECON 1,09323508
CONTEINERES,MAERSK LAMANAI,DINAMARQUESA,3009,Long,26/12/2024 01:00:00,,LACHMANN AGENCIA MARITIMA LTDA,EMBDESC,CONTEINERES CHEIOSCONTEINERES CHEIOS,18001800,5452-42024,529732024,B,B.T.P. 1,09527051
CONTEINERES,MSC ALMA VII,LIBERIANA,30413.5,Long,26/12/2024 01:00:00,,MSC MEDITERRANEAN SHIPPING DO BRASIL LTDA.,EMBDESC,CONTEINERES CHEIOSCONTEINERES CHEIOS,126001800,5780-12024,569222024,B,B.T.P. 1,09196852
CONTEINERES,VICENTE PINZÓN,BRASILEIRA,2559,Cabo,26/12/2024 02:00:00,,LACHMANN AGENCIA MARITIMA LTDA,EMBDESC,CONTEINERES CHEIOSCONTEINERES CHEIOS,18001800,5537-02024,538082024,B,TECON,09625396
CONTEINERES,COSCO SHIPPING BRAZIL,HONG KONG,33611.5,Long,26/12/2024 07:00:00,,COSCO BRASIL S/A,EMBDESC,CONTEINERES CHEIOSCONTEINERES CHEIOS,360010800,5746-82024,561962024,B,TECON,09945837
CONTEINERES,MIRADOR EXPRESS,LIBERIANA,2439,Long,26/12/2024 10:00:00,,ROCHAMAR AGENCIA MARITIMA S/A,EMBDESC,CONTEINERES CHEIOSCONTEINERES CHEIOS,4464360,5651-72024,550302024,B,EPORT 1/TECON 1,09243174
CONTEINERES,MSC ATHOS,LIBERIANA,30010,Long,26/12/2024 20:00:00,,MSC MEDITERRANEAN SHIPPING DO BRASIL LTDA.,EMBDESC,CONTEINERES CHEIOSCONTEINERES CHEIOS,180012600,5773-52024,569292024,B,TECON,09618317
CONTEINERES,KOTA SANTOS,LIBERIANA,33410,Long,26/12/2024 23:00:00,,UNIMAR AGENCIAMENTOS MARITIMOS LTDA,EMBDESC,CONTEINERES CHEIOSCONTEINERES CHEIOS,126004500,5754--2024,564262024,B,EPORT 1/TECON 1,09293765
CONTEINERES,SEBASTIÃO CABOTO,BRASILEIRA,2289,Cabo,27/12/2024 01:00:00,,LACHMANN AGENCIA MARITIMA LTDA,EMBDESC,CONTEINERES CHEIOSCONTEINERES CHEIOS,36003600,5314--2024,515902024,B,B.T.P.  / TECON,09602875
CONTEINERES,SAN ALBERTO,LIBERIANA,1869,Long,27/12/2024 08:00:00,,LACHMANN AGENCIA MARITIMA LTDA,EMBDESC,CONTEINERES CHEIOSCONTEINERES CHEIOS,18001800,5445-82024,530152024,B,TECON,09344643
CONTEINERES,CAP SAN MALEAS,PANAMENHA,3339,Long,28/12/2024 01:00:00,,LACHMANN AGENCIA MARITIMA LTDA,EMBDESC,CONTEINERES CHEIOSCONTEINERES CHEIOS,18001800,5165-52024,495682024,B,TECON,09633941
CONTEINERES,MONTE VERDE,SINGAPURENSE,2729,Long,28/12/2024 01:00:00,,LACHMANN AGENCIA MARITIMA LTDA,EMBDESC,CONTEINERES CHEIOSCONTEINERES CHEIOS,18001800,5438-12024,529632024,B,TECON,09283239
CONTEINERES,PL GERMANY,SINGAPURENSE,2819,Long,28/12/2024 01:00:00,,LACHMANN AGENCIA MARITIMA LTDA,EMBDESC,CONTEINERES CHEIOSCONTEINERES CHEIOS,18001800,5426-32024,504782024,B,B.T.P. 1,09288394
CONTEINERES,MSC PEGASUS VII,LIBERIANA,30010.1,Long,28/12/2024 07:00:00,,MSC MEDITERRANEAN SHIPPING DO BRASIL LTDA.,EMBDESC,CONTEINERES CHEIOSCONTEINERES CHEIOS,180014400,5776-42024,569412024,B,B.T.P. 1,09267637
CONTEINERES,ATACAMA,LIBERIANA,3009,Long,29/12/2024 01:00:00,,LACHMANN AGENCIA MARITIMA LTDA,EMBDESC,CONTEINERES CHEIOSCONTEINERES CHEIOS,18001800,5159-52024,501892024,B,TECON,09718947
CONTEINERES,MSC VITA,PORTUGUESA,30013.2,Long,29/12/2024 11:00:00,,MSC MEDITERRANEAN SHIPPING DO BRASIL LTDA.,EMBDESC,CONTEINERES CHEIOSCONTEINERES CHEIOS,180001800,5775-82024,569622024,B,B.T.P. 1,09702089
CONTEINERES,MSC KALAMATA VII,LIBERIANA,30413.8,Long,29/12/2024 20:00:00,,MSC MEDITERRANEAN SHIPPING DO BRASIL LTDA.,EMBDESC,CONTEINERES CHEIOSCONTEINERES CHEIOS,270001800,5778-72024,569692024,B,B.T.P. 1,09244946
CONTEINERES,MAERSK ACADIA,PANAMENHA,2009,Long,30/12/2024 01:00:00,,LACHMANN AGENCIA MARITIMA LTDA,EMBDESC,CONTEINERES CHEIOSCONTEINERES CHEIOS,18001800,5244-22024,506912024,B,TECON,09928188
CONTEINERES,CAP SAN ARTEMISSIO,PANAMENHA,3339,Long,30/12/2024 01:01:00,,LACHMANN AGENCIA MARITIMA LTDA,EMBDESC,CONTEINERES CHEIOSCONTEINERES CHEIOS,18001800,5160-32024,502752024,B,TECON,09633939
CONTEINERES,YM CENTENNIAL,LIBERIANA,2108,Long,30/12/2024 06:00:00,,UNIMAR AGENCIAMENTOS MARITIMOS LTDA,EMBDESC,CONTEINERES CHEIOSCONTEINERES CHEIOS,126004500,5761-72024,563832024,B,TECON,09864538
CONTEINERES,XIAMEN EXPRESS,HONG KONG,3367,Long,30/12/2024 10:00:00,,ROCHAMAR AGENCIA MARITIMA S/A,EMBDESC,CONTEINERES CHEIOSCONTEINERES CHEIOS,17370360,5663-52024,550352024,B,B.T.P. 1,09630420
CONTEINERES,BROOKLYN BRIDGE,JAPONESA,2679.9,Long,30/12/2024 11:00:00,,OCEAN NETWORK EXPRESS (LATIN AMERICA) AGENCIA MARITIMA LTDA,EMBDESC,CONTEINERES CHEIOSCONTEINERES CHEIOS,153015300,5230-12024,507912024,B,EPORT 1/TECON 1,09458999
CONTEINERES,SEATRADE CHILE,LIBERIANA,1728,Long,31/12/2024 12:00:00,,UNIMAR AGENCIAMENTOS MARITIMOS LTDA,EMBDESC,CONTEINERES CHEIOSCONTEINERES CHEIOS,126004500,5753-42024,561892024,B,EPORT 1/TECON 1,09976202
CONTEINERES,MAERSK GANGES (REB),BRASILEIRA,2559,Cabo,02/01/2025 02:00:00,,LACHMANN AGENCIA MARITIMA LTDA,EMBDESC,CONTEINERES CHEIOSCONTEINERES CHEIOS,18001800,5574-22024,537942024,B,TECON,09694581
CONTEINERES,RDO ENDEAVOUR,LIBERIANA,28512.5,Long,04/01/2025 17:00:00,,OCEAN NETWORK EXPRESS (LATIN AMERICA) AGENCIA MARITIMA LTDA,EMBDESC,CONTEINERES CHEIOSCONTEINERES CHEIOS,153001530,5409-12024,527172024,B,EPORT 1/TECON 1,09302102
CONTEINERES,MAERSK LAMANAI,DINAMARQUESA,3009,Long,05/01/2025 01:00:00,,LACHMANN AGENCIA MARITIMA LTDA,EMBDESC,CONTEINERES CHEIOSCONTEINERES CHEIOS,18001800,5450-12024,529842024,B,B.T.P. 1,09527051
CONTEINERES,NAVIOS DOMINO,LIBERIANA,2619.9,Long,06/01/2025 11:00:00,,OCEAN NETWORK EXPRESS (LATIN AMERICA) AGENCIA MARITIMA LTDA,EMBDESC,CONTEINERES CHEIOSCONTEINERES CHEIOS,153015300,5401--2024,527052024,B,EPORT 1/TECON 1,09478494
CONTEINERES,BARTOLOMEU DIAS,BRASILEIRA,2559,Cabo,09/01/2025 02:00:00,,LACHMANN AGENCIA MARITIMA LTDA,EMBDESC,CONTEINERES CHEIOSCONTEINERES CHEIOS,18001800,5575-92024,537832024,B,TECON,09625384
CONTEINERES,AMÉRICO VESPÚCIO,BRASILEIRA,2289,Cabo,09/01/2025 13:00:00,,LACHMANN AGENCIA MARITIMA LTDA,EMBDESC,CONTEINERES CHEIOSCONTEINERES CHEIOS,36003600,5582-52024,541542024,B,B.T.P.  / TECON,09603233
CONTEINERES,SAN ALBERTO,LIBERIANA,1869,Long,10/01/2025 08:00:00,,LACHMANN AGENCIA MARITIMA LTDA,EMBDESC,CONTEINERES CHEIOSCONTEINERES CHEIOS,18001800,5446-42024,530212024,B,TECON,09344643
CONTEINERES,SEASPAN HARRIER,HONG KONG,33012.2,Long,14/01/2025 05:00:00,,OCEAN NETWORK EXPRESS (LATIN AMERICA) AGENCIA MARITIMA LTDA,EMBDESC,CONTEINERES CHEIOSCONTEINERES CHEIOS,153015300,5490-32024,534482024,B,B.T.P. 1,09793923
CONTEINERES,BROOKLYN BRIDGE,JAPONESA,26712.3,Long,15/01/2025 11:00:00,,OCEAN NETWORK EXPRESS (LATIN AMERICA) AGENCIA MARITIMA LTDA,EMBDESC,CONTEINERES CHEIOSCONTEINERES CHEIOS,153001530,5408-52024,527242024,B,EPORT 1/TECON 1,09458999
CONTEINERES,NAVIOS DOMINO,LIBERIANA,26112.3,Long,18/01/2025 13:00:00,,OCEAN NETWORK EXPRESS (LATIN AMERICA) AGENCIA MARITIMA LTDA,EMB ,CONTEINERES CHEIOSCONTEINERES CHEIOS,15300,5447--2024,530512024,B,EPORT 1/TECON 1,09478494
CONTEINERES,SEASPAN OSPREY,HONG KONG,33012.2,Long,22/01/2025 05:00:00,,OCEAN NETWORK EXPRESS (LATIN AMERICA) AGENCIA MARITIMA LTDA,EMBDESC,CONTEINERES CHEIOSCONTEINERES CHEIOS,153015300,5653-02024,551772024,B,B.T.P. 1,09786736
PRIORIDADE C5,COSCO SHIPPING HONOR,HONG KONG,20213,Long,17/12/2024,,"WILSON SONS S/A - COMERCIO, INDUSTRIA E AGENCIA DE NAVEGACAO",EMB ,PAPEL E CELULOSE,8500,5660-62024,551782024,C5,35/37,09881653
PRIORIDADE C5,FAZENDAO,BRASILEIRA,323.5,Long,17/12/2024,,"WILSON SONS S/A - COMERCIO, INDUSTRIA E AGENCIA DE NAVEGACAO",EMB ,OUTROS,1,4725-72024,438272024,C5,SAIPEN,09555981
PRIORIDADE C5,FEDERAL THUNDER BAY,ILHAS MARSHALL,20010.9,Long,17/12/2024,,ORION OPERACOES PORTUARIAS LTDA,EMB ,OUTROS,1,5303-92024,514552024,C5,CODESP-RUA,09975375
PRIORIDADE C5,SAVEIROS GAIVOTA,BRASILEIRA,625,Long,17/12/2024,,"WILSON SONS S/A - COMERCIO, INDUSTRIA E AGENCIA DE NAVEGACAO",EMB ,OUTROS,1,5394-42024,523722024,C5,SAIPEN,09258387
PRIORIDADE C5,WS POLARIS,BRASILEIRA,243.6,Long,17/12/2024,,"WILSON SONS S/A - COMERCIO, INDUSTRIA E AGENCIA DE NAVEGACAO",EMB ,OUTROS,1,4639-32024,450402024,C5,SAIPEN,09679220
PRIORIDADE C5,AEGEAN SPIRIT,ILHAS MARSHALL,1807,Long,23/12/2024 05:00:00,,ORION OPERACOES PORTUARIAS LTDA,EMB ,OUTROS,14940,5383-22024,524312024,C5,CAIS SABOO,09725419
SEM PRIORIDADE,GREAT SHANG,PANAMENHA,2008,Long,13/12/2024 04:30:00,5324-4,DELTA AGENCIAMENTO MARITIMO LTDA,DESC   ,CARGA GERAL,4247,5641-12024,542192024,SP,CAIS SABOO,09766906
SEM PRIORIDADE,CBO ANITA,BRASILEIRA,765,Long,17/12/2024,,UNIMAR AGENCIAMENTOS MARITIMOS LTDA,EMB ,CARGA GERAL,1,5604-92024,547732024,B,SAIPEN,09477402
SEM PRIORIDADE,CBO ENDEAVOUR (REB),BRASILEIRA,805,Long,17/12/2024,,UNIMAR AGENCIAMENTOS MARITIMOS LTDA,EMB ,CARGA GERAL,1,5251-92024,509692024,B,SAIPEN,09417830
SEM PRIORIDADE,CBO ENDEAVOUR (REB),BRASILEIRA,805,Long,17/12/2024,,UNIMAR AGENCIAMENTOS MARITIMOS LTDA,EMB ,CARGA GERAL,1,4941-12024,481272024,B,SAIPEN,09417830
SEM PRIORIDADE,HOEGH GIANT,SINGAPURENSE,2949,Long,17/12/2024,,UNIMAR AGENCIAMENTOS MARITIMOS LTDA,EMB ,GRAN.LIQUIDO NAO ESPECIF,1,5167-82024,495022024,B,TRSP,09762962
SEM PRIORIDADE,SAIPEM FDS,BAHAMENSE,1637,Long,17/12/2024,,UNIMAR AGENCIAMENTOS MARITIMOS LTDA,EMB ,CARGA GERAL,1,4977-62024,485782024,B,SAIPEN,09210749
SEM PRIORIDADE,SAIPEM FDS,BAHAMENSE,1637,Long,17/12/2024,,UNIMAR AGENCIAMENTOS MARITIMOS LTDA,EMB ,CARGA GERAL,1,5273-22024,510062024,B,SAIPEN,09210749
SEM PRIORIDADE,SIEM EMERALD,NORUEGUESA,917,Long,17/12/2024,,UNIMAR AGENCIAMENTOS MARITIMOS LTDA,EMB ,CARGA GERAL,1,5252-52024,509882024,B,SAIPEN,09417701
SEM PRIORIDADE,SIEM EMERALD,NORUEGUESA,917,Long,17/12/2024,,UNIMAR AGENCIAMENTOS MARITIMOS LTDA,EMB ,CARGA GERAL,1,4925-62024,481162024,B,SAIPEN,09417701
SEM PRIORIDADE,THE UNITY,PANAMENHA,2296,Long,17/12/2024,,AGÊNCIA MARÍTIMA CARGONAVE (SP) LTDA.,EMB ,REPAROS,3,5526-82024,538152024,SP,CODESP-RUA,09301043
SEM PRIORIDADE,ATLANTIC ORCHARD,LIBERIANA,1809.1,Long,17/12/2024 16:00:00,5389-9,"WILSON SONS S/A - COMERCIO, INDUSTRIA E AGENCIA DE NAVEGACAO",EMB ,SUCOS CITRICOS A GRANEL,24000,5646-32024,551312024,B,29/30,09638159
SEM PRIORIDADE,CHESAPEAKE HIGHWAY,PANAMENHA,2008,Long,18/12/2024,,UNIMAR AGENCIAMENTOS MARITIMOS LTDA,EMBDESC,VEICULOVEICULO,92000,5109-82024,497232024,SP,TEVI,09565546
SEM PRIORIDADE,VIGOROUS,ILHAS MARSHALL,1807,Cabo,18/12/2024 01:00:00,,ORION OPERACOES PORTUARIAS LTDA,DESC   ,PRODUTOS SIDERURGICOS,29996,5748--2024,561552024,B,USIMINAS,09546239
SEM PRIORIDADE,GREAT SHANG,PANAMENHA,20011,Long,22/12/2024 07:00:00,,"WILSON SONS S/A - COMERCIO, INDUSTRIA E AGENCIA DE NAVEGACAO",EMB ,PAPEL E CELULOSE,43000,5782-42024,569432024,B,35/37,09766906
SEM PRIORIDADE,CBO ANITA,BRASILEIRA,765,Long,20/01/2025 06:00:00,,UNIMAR AGENCIAMENTOS MARITIMOS LTDA,EMB ,CARGA GERAL,1,5768-12024,568672024,B,SAIPEN,09477402
SEM PRIORIDADE,CBO ANITA,BRASILEIRA,765,Long,25/01/2025 06:00:00,,UNIMAR AGENCIAMENTOS MARITIMOS LTDA,EMB ,CARGA GERAL,1,5729-62024,561812024,B,SAIPEN,09477402
